"题目","朝代","作者","内容","来源","词牌"
"夜曲","","周杰伦","一群嗜血的蚂蚁 被腐肉所吸引⏎我面无表情 看孤独的风景⏎失去你 爱恨开始分明⏎失去你 还有什么事好关心⏎当鸽子不再象征和平⏎我终于被提醒⏎广场上喂食的是秃鹰⏎我用漂亮的押韵⏎形容被掠夺一空的爱情⏎啊 乌云开始遮蔽 夜色不干净⏎公园里 葬礼的回音 在漫天飞行⏎送你的 白色玫瑰⏎在纯黑的环境凋零⏎乌鸦在树枝上诡异的很安静⏎静静听 我黑色的大衣⏎想温暖你 日渐冰冷的回忆⏎走过的 走过的 生命⏎啊 四周弥漫雾气⏎我在空旷的墓地⏎老去后还爱你⏎为你弹奏萧邦的夜曲⏎纪念我死去的爱情⏎跟夜风一样的声音⏎心碎的很好听⏎手在键盘敲很轻⏎我给的思念很小心⏎你埋葬的地方叫幽冥⏎为你弹奏萧邦的夜曲⏎纪念我死去的爱情⏎而我为你隐姓埋名⏎在月光下弹琴⏎对你心跳的感应⏎还是如此温热亲近⏎怀念你那鲜红的唇印⏎那些断翅的蜻蜓 散落在这森林⏎而我的眼睛 没有丝毫同情⏎失去你 泪水混浊不清⏎失去你 我连笑容都有阴影⏎风在长满青苔的屋顶⏎嘲笑我的伤心⏎像一口没有水的枯井⏎我用凄美的字型⏎描绘后悔莫及的那爱情⏎为你弹奏萧邦的夜曲⏎纪念我死去的爱情⏎跟夜风一样的声音⏎心碎的很好听⏎手在键盘敲很轻⏎我给的思念很小心⏎你埋葬的地方叫幽冥⏎为你弹奏萧邦的夜曲⏎纪念我死去的爱情⏎而我为你隐姓埋名 在月光下弹琴⏎对你心跳的感应 还是如此温热亲近⏎怀念你那鲜红的唇印⏎一群嗜血的蚂蚁 被腐肉所吸引⏎我面无表情 看孤独的风景⏎失去你 爱恨开始分明⏎失去你 还有什么事好关心⏎当鸽子不再象征和平⏎我终于被提醒⏎广场上喂食的是秃鹰⏎我用漂亮的押韵⏎形容被掠夺一空的爱情","语料库",""
"嘻哈空姐","","周杰伦","起落架离开地上⏎空姐亲切的讲⏎请我打开遮阳板⏎将安全带系上⏎接着问是否用餐⏎需不需要毛毯⏎而我沉睡在客舱⏎梦境在我正上方⏎她没有狐狸脸蛋⏎竟然可以这么耐看⏎发香 爱爱爱爱上⏎醒来在飞机上⏎座位还在晃 一半⏎她放慢脚步想我拼命想我去追上⏎我知道 因为我想⏎(她问我他问我Coffee tea or me)⏎我深深倒抽一口气⏎(我深深我深深倒抽一口气)⏎她身体摆动的频率⏎(她身体他身体摆动的频率)⏎让我几乎喘不过气⏎(让我几乎让我几乎喘不过气)⏎我点咖啡不加糖⏎正对着她品尝⏎那免税品的包装⏎诱人像她一样⏎我决定边走边唱⏎她的眼神渴望⏎充满暗示与想像⏎给予人一种挑战⏎梦游的初步阶段⏎我脑海播放了一段(形状)⏎幻幻幻幻想⏎醒来在走道上⏎随节奏在晃⏎闪亮 她一路翘臀推着那餐车⏎性感的模样⏎短裙的 弧度 漂亮⏎她问我Coffee tea or me⏎(她问我他问我Coffee tea or me)⏎我深深倒抽一口气⏎(我深深我深深倒抽一口气)⏎她身体摆动的频率⏎(她身体他身体摆动的频率)⏎让我几乎喘不过气⏎(让我几乎让我几乎喘不过气)⏎她问我Coffee tea or me⏎我张大眼睛在怀疑⏎厚嘴唇很有吸引力⏎我会不会瞬间麻痹","语料库",""
"我的地盘","","周杰伦","在我地盘这 你就得听我的⏎把音乐收割 用听觉找快乐⏎开始在雕刻 我个人的特色⏎未来难预测 坚持当下的选择⏎在我地盘这 你就得听我的⏎节奏在招惹 我跟街舞亲热⏎我灌溉原则 培养一种独特⏎观念不及格 其他全部是垃圾⏎用态度扩张地盘 到底什么意思⏎怎么一回事 广场的鸽子⏎占领头版的报纸⏎一种全新的解释⏎标题关于这座城市⏎关于一种学习考试⏎和年轻就该有的本事⏎动感地带的交通标志⏎到底离我有几公尺⏎我说老师⏎我是不是真的不懂事⏎听我念饶舌歌词⏎欣赏我打拳的样子⏎我站在教室 练拳方式⏎你的样子 线条一致⏎隔壁的小姑娘⏎公开表演需要勇气⏎别人玩线上游戏⏎我偏耍猴戏⏎我用形意猴拳在练习⏎引你注意⏎如果觉得有趣⏎不要吝啬 示个好意⏎青春是干净的纯白⏎像一片绿地的窗外⏎我将记忆的门打开⏎把所有发生的事记下来⏎在我地盘这 你就得听我的⏎把音乐收割 用听觉找快乐⏎开始在雕刻 我个人的特色⏎未来难预测 坚持当下的选择⏎在我地盘这 你就得听我的⏎节奏在招惹 我跟街舞亲热⏎我灌溉原则 培养一种独特⏎观念不及格 其他全部是垃圾⏎那弹钢琴的孩子⏎正用他们的手指⏎弹奏未来的历史⏎我用手机传中文字⏎那传输的速度⏎绝对会让你们竖起大拇指⏎生活不该有公式⏎我可以随性跳芭蕾舞⏎照节拍 手放开 静下来⏎像一只天鹅把脚尖掂起来⏎讲究速食的这年代⏎也可以很天真的说爱⏎在我地盘这 你就得听我的⏎把音乐收割 用听觉找快乐⏎开始在雕刻 我个人的特色⏎未来难预测 坚持当下的选择⏎在我地盘这 你就得听我的⏎节奏在招惹 我跟街舞亲热⏎我灌溉原则 培养一种独特⏎观念不及格 其他全部是垃圾⏎在我地盘这 你就得听我的⏎把音乐收割 用听觉找快乐⏎开始在雕刻 我个人的特色⏎未来难预测 坚持当下的选择⏎在我地盘这 你就得听我的⏎把音乐收割 用听觉找快乐⏎开始在雕刻 我个人的特色⏎未来难预测 坚持当下的选择⏎在我地盘这 你就得听我的⏎节奏在招惹 我跟街舞亲热⏎我灌溉原则 培养一种独特⏎观念不及格 其他全部是垃圾","语料库",""
"再生恋","","林忆莲","这一生给你 这一生给我⏎是否你愿意 前世情缘今生再继续⏎来和我继续前生的情吧⏎夜的呼唤在回响 带着我坠入梦乡⏎梦中的你还是像以前一样⏎未曾有过的轻狂 未曾有过的放荡⏎在这梦里只有你 让情恣放⏎梦醒已早已远离 枕边仍有你气息⏎时空交错的夜里 谁让情延续⏎这一生给你 这一生给我⏎是否你愿意 前世情缘今生再继续⏎我永远爱你这生信我吧 好吗⏎你是否明白今生心里话 说吧⏎(Feel Your Heart Beat)⏎是你唤起前世情缘 让我痴想⏎今世今生要你陪我到天长⏎这一生给你 这一生给我⏎这一生给你 这一生给我⏎是否你愿意 前世情缘今生再继续⏎来和我继续前生的情吧 爱吧⏎来和我陶醉今生的梦吧 恋吧⏎(Feel Your Heart Beat)","语料库",""
"mc深七-武神赵子龙","","Mc深七","自古乱世出英雄 我血染征袍透甲红⏎常山一战谁不从 那我乃常山赵子龙⏎手持百鸟朝凤枪 一生征战走四方⏎鲜血染红这衣裳 那只求天下能安康⏎一心只想平天下 万水千山脚下踏⏎只要主公一句话 那千军万马有何怕⏎脚步从来不曾停 因为天下没安宁⏎待我把这天下平 那谁愿与我并肩行⏎悲欢离合相思泪 还好遇见你刘备⏎助你打下这王位 那此生再没有惭愧⏎长坂坡上救阿斗 铤而走险渡虎口⏎赵子龙这一声吼 那百万雄师心颤抖⏎单骑救主名远杨 誓死守护他身旁⏎忠肝义胆的胸膛 那辅助刘备称帝王⏎孤战敌军千千万 护主之心永不变⏎舞动手中这把剑 那日月星辰天地颤⏎乱世自有才人出 还好有你刘皇叔⏎当我攻下这皇都 那天下小人皆已输⏎夜照玉 胯下骑 驰逞疆场无人敌⏎青红剑 手中提 定要拿下你首级⏎不管小人多艰险 叛国贼子必定斩⏎一身战袍鲜血染 那你若回头不算晚⏎赵云二字谁不闻 英风锐气敌胆寒⏎就算沧海变桑田 那五虎之将威名传⏎不狂不傲这一生 为你我愿再出征⏎当我踏上最顶峰 那我以不愧这一生⏎何为情 我何为爱 如今回首一声叹⏎戎马一生从未败 那辉煌留给后人看⏎自古乱世出英雄 一人一马破苍穹⏎世人称我为英雄 那我乃武神赵子龙⏎世人称我为英雄 我乃武神赵子龙","语料库",""
"mc深七 - 为了你","","Mc深七","曾经 我为了你 放弃手中的情笔⏎曾经 我为了你 放弃身边好知己⏎为了你我战天地 为了你我不哭泣⏎为了你我放弃过去 只想和你再相聚⏎曾经 我为了你 曾经 我想过你⏎曾经 我为了自己 曾经我也找过你⏎一种伤心 一种累 一种感觉 一种罪⏎一直在我心中疲惫 最后还是空流泪⏎曾经 我为了你 放弃所有的自己⏎我要和你在一起 不再孤单走千里⏎想起你曾叼支烟 我们一起把手牵⏎如果我们有一天 我定会让你在身边⏎如果我们在相逢 我的心会有多疼⏎回到身边能不能 立下海誓和山盟⏎网络 你太虚伪 网恋 你太后悔⏎WC 你太完美 举杯共饮忘情水⏎一人 我抽着烟 一个人 我在房间⏎一人 我太疯癫 情知如画舞翩翩⏎曾经你给的温柔 再也不会去挽留⏎独自一人借酒消愁只会变得愁更愁⏎陪你走到海之角 你的心 我来表⏎你的心 心灵手巧怎能忘记你的好⏎当年我们相爱过 爱是变成了过客⏎删了歪歪删了短信从此一人孤单过⏎想你 我心已碎 想你 我空流泪⏎想你 我喝到醉 想你我心变憔悴⏎爱你 我爱的深 爱你 我爱的真⏎爱你 我到黄昏 最后还是伤我最深⏎如今写下这首另类名字叫做为了你⏎从此我会不再想你 他也叫做忘记你","语料库",""
"mc深七-郑州深七","","Mc深七","语音让我很无奈,我心终于被伤害,小七慢慢学了坏,小哥永远被崇拜.⏎语音玩了好几年,浪费嗓子浪费钱,想想曾经真可怜,兜里揣的是美圆⏎和我说话别犟嘴,加入语音不后悔,走路基本不用腿,模样吓死一群鬼⏎语音曾经我无敌,多少小妹把我迷,视频专看割肚皮,哥肚纹个小国旗⏎一山更比一山高,泡妞小哥有绝招,小妹小妹你真骚,浑身上下全是包⏎完美爱情在期盼,干不过我全滚蛋,小哥有钱开医院,吃饭吃菜不吃饭⏎兵少曾经杀无数,开曲马上挡不住,为了出名全不顾,语音其实挺残酷⏎离开语音几个月,曾经辉煌被毁灭,小七语音从出山,总有一天会成仙⏎手出鲜血来联盟,迟差风云我纵横,身副重伤不喊疼,百家武艺我全能⏎是人早晚都会死,所有伤心就到此,所有努力都白使,所有钞票变白纸⏎一场秋雨一场凉,语音慢慢会变强,语音曾经敢称王,小哥玩的就是狂⏎爱情道路被折磨,总有一天变成佛,小七没你无法活,所有家产被人夺⏎我愿成为一枯草,一直陪你变了老,老婆都是人家好,我把老婆当个宝⏎所有汗水不白流,小七记住你恩愁,听完嗨曲就摇头,宝剑一出必封喉⏎我的魅力当不住,爱情道路挺残酷,见妹一眼就发木,为妹可以去撞树⏎小七曾经也流泪,语音五项全都会, 喊麦带个拉拉队,粉丝尖叫就惭愧⏎小七一人去地狱,遇见大手我不惧,好想朋友在相距,遇见事情不考虑⏎小吉现在很渺小,自己一人伴到老,语音越玩会越好.小七语音永不倒⏎想想曾经的朋友,上台就是一声吼,语音曾经无对手,小七玩的就不狗⏎小七从新拼语音,语音让我来动心,所有老词全变新,拉起队伍拼到今","语料库",""
"mc深七-这支烟灭我要走","","Mc深七","有些事 难忘记 有些人 难回忆⏎有些回忆回不去 有些相遇难相聚⏎有些人在许多年后 还是无人伴左右⏎时间这一杯沙漏 教会我如何承受⏎我想问问我自己 可不可以忘掉你⏎只有眼泪陪着笔 一笔笔 再挥起⏎挥起相思泪翻涌 挥起失落千万种⏎如果痛苦你都懂 怎么会有持无恐⏎我要怎么面对一切 怎么翻过这一页⏎冷却我的愈演愈烈 这份爱由我扑灭⏎注定会和你分离 注定不会有结局⏎不会共你再有传奇 命中注定来不及⏎这份爱已支离破碎 这份情自己体会⏎总会有人留着眼泪 说这份爱的滋味⏎知道你不属于我 知道你还想着我⏎为什么是这个结果 还是太难去割舍⏎我要怎么说珍重 再说下去有何用⏎爱你真的像场梦 连呼吸我都会痛⏎你说离别要用力 你说不可能放弃⏎你说过的每一句 安眠药陪我忘记⏎相见是否红着脸 离开是否红着眼⏎互相再亏欠一点 彼此别太快搁浅⏎这支烟灭我要走 请你让我先开口⏎我的孤独我的红酒 冷风中我的颤抖⏎如果时光可以倒转 另类可以重喊⏎什么事我都不管 为你心碎喊一晚⏎你的微笑你的容貌 你一切我忘不掉⏎始终我无法依靠 迷失在那32号","语料库",""
"mc深七 - 一次就好","","Mc深七","三年只为一个人 为了你我丢了魂⏎如何打开你心门 最后只剩这伤痕⏎一切要求我都做 而你劈腿再犯错⏎想起曾经的承诺 以后不会再懦弱⏎洗衣做饭珍惜你 买车买房为了你⏎你TM只有对不起 这种屈辱不可以⏎为你酒吧去买醉 每天喝酒伤了胃⏎奋不顾身对不对 现在只能无所谓⏎丢我一人在原地 狠心把我来抛弃⏎你已既跟他离去 爱**咋滴就咋滴⏎一直对你难忘记 曾经微笑太甜蜜⏎为你放弃天和地 以后有人把你替⏎不会再把你当真 怪我曾经陷太深⏎对你好坏你不分 沧桑扭转这干坤⏎也许就是梦一场 把你抹去恋人榜⏎失去你我天晴朗 不再听你大声嚷⏎对你的心已凋谢 誓言忘却这一切⏎是否记得那一夜 说爱我到天地灭⏎想起你给的温柔 如今反目已成仇⏎但愿以后别回头 烧掉照片不再留⏎每日酒醉似神仙 他人笑我太疯癫⏎可知我情深似天 缘分如今已擦肩⏎怪我当初太天真 对你傻傻不离分⏎你和他  去私奔 留我一人在黄昏⏎曾经你是我的人 曾经吻着你的唇⏎曾经带你进家门 曾经你TM是女神⏎现在你已跟他走 现在跟你挥挥手⏎现在再见出说口 现在你TM是条狗","语料库",""
"mc深七-难放下","","Mc深七","当初 你放开手 跟他远离去游走 站在原地的我只能对你背影挥挥手⏎爱你 我没有错 为何你要和他过 如今留我独自一人看着樱花在凋落⏎转身 已过三年 如今沧海变桑田 曾经写下那些誓言怎能忘记你容颜⏎五年 我在回忆 五年 我难忘记 五年我回忆过去幻想和你再相遇⏎五年 我心疲惫 五年 我流下泪 五年我喝酒买醉品尝心痛的苦味⏎五年 我太落魄 五年 我哭泣过 五年我们再次重逢却已变成了过客⏎五年 你心真狠 五年 你让我滚 五年后你会不会把爱情名利一起混⏎五年 我太负重 五年前我没有用 五年后我功成名就可是我心还在痛⏎如今 我一个人 如今 我已沉沦 如今的我早已经把自己葬入爱情坟⏎如今 我已看清 别怪我说太难听 几年后的今天不是你在陪我看流星⏎爱情 它已麻木 再也没人去守护 尽管我们经历磨难现在的心在胆触⏎名利 我不需要 名利 我做不到 名利给我再多它也不能换回你拥抱⏎金钱 它太耀眼 金钱 它太明显 金钱给我再多我也不会从新把你选⏎现在 我过的好 现在 我睡的早 现在我离开你之后自己可以吃的饱⏎从前 做饭给我 从前 把伤口抹 从前的你不会像 现在这样把我舍⏎转身 不再联系 转身 回到过去 当我转身那一瞬间已经是个离别句","语料库",""
"mc深七-那年我十七八岁","","Mc深七","那年我十七八岁 学业无成⏎工作了 一个月拿着两千块钱的薪水⏎我爸妈很开心啊 他们觉得我这样安安稳稳⏎最好了此残生算了 他们觉得我这辈子就这样了⏎我是MC深七 那年我十七八岁⏎那年十七八岁好像做什么都不对⏎在父母面前很惭愧 让他们心都操碎⏎从没有过梦想 因为从来都不敢想⏎明明路要自己闯 却四处都是阻挡⏎他们说好好上课 再找一个好工作⏎别的东西都是错 我了此残生算了⏎希望我安安稳稳 两千块的标准⏎难道我就这么蠢 这辈子败给书本⏎希望我有个饭碗 玩了命的要管⏎总是被说的很懒 我想反驳又不敢⏎那年我学业无成 他们说心好疼⏎说我没机会再赢 干什么都不行⏎但是我才十七八 还想拼这一把⏎想了很多办法 也包括装聋作哑⏎真的好不甘心 被管到了如今⏎内心有个声音 他让我再拼一拼⏎我知道成功很难 不只是嘴上的谈⏎但是真的想说完 我怕我会心寒⏎请给我一个机会 哪怕我做的不对⏎其实什么都不为 只希望此生无愧⏎关在笼子里鸟 怎么看都很小⏎食物不用去找 一辈子都在用脚⏎曾经的那颗小树 也学会了走路⏎不在需要守护 这次换我先说不⏎尊敬的老爸老妈 儿子真的没瞎⏎以后我要扛这个家不能总是个鲜花⏎我从来都没输过 拿什么去赢呢？⏎老了以后说什么故事给儿女们听呢⏎大声和我父母说 让我再犯个错⏎就算真的错了 哪怕我真的错过⏎也许我不会成功 但是想争一争⏎这辈子过的太轻松 我怕我后悔一生⏎大不了我 败 青春也都还在⏎这样等到了年迈 我也不会去责怪⏎自己选一次路 哪怕是个绝处⏎其实不是我自负 而是我心中有数⏎家会是我的根 我真的很认真⏎我需要向前狂奔 才对得起青春⏎大不了我 败 青春也都还在⏎这样等到了年迈 我也不会去责怪⏎自己选一次路 哪怕是个绝处⏎其实不是我自负 而是我心中有数⏎家会是我的根 我真的很认真⏎我需要向前狂奔 才对得起青春⏎我需要向前狂奔 才对得起那青春⏎这辈子过的太轻松 我怕我后悔一生⏎那年的十七八岁 我有十七八岁该有的叛逆⏎我有十七八岁该有的不懂事⏎但我很清楚的知道我在做什么⏎因为什么 此时此刻 我坐在工作室⏎对着屏幕 敲击着键盘⏎回忆着十八岁的点点滴滴⏎眼泪还是止不住的落下了⏎但心却是微笑的 那年我十七八岁","语料库",""
"mc深七&赵小焕 - 多幸运","","Mc深七","多幸运 在最美的年纪⏎遇见你 没有遗憾和可惜⏎抱紧你 用尽全部力气⏎不让幸福逃离⏎多幸运 爱你这件事情⏎成为我 今生最对的决定⏎我相信 你就是那唯一⏎愿陪你到底⏎多幸运 遇到你⏎把你放进我心里⏎在你离开那刻起⏎不在把你当心底⏎你说和我无缘⏎尝过苦辣与酸甜⏎看你清秀的容颜⏎还想与你在缠绵⏎爱你 我没遗憾⏎最后却遭你背叛⏎经历多少的磨难⏎怎能把这情来断⏎为你我愿抛弃所有只愿爱情能长久⏎为你我愿付出所有甘愿往事成腐朽⏎爱一个人有多苦⏎只有自己最清楚⏎凋谢花 已入土⏎又能怎能再去补⏎是你带我到天堂⏎让我在天空翱翔⏎是你让我卸下迷茫让我筑起了高墙⏎映出心中的彩虹⏎爱情比蜜要更浓⏎画出世界的不同⏎爱情才能够相融⏎那些度过的时光⏎伴我去过的地方⏎走过那些地老天荒回忆曾经的风霜⏎也曾想 过白头⏎可是你不在温柔⏎不会再为你挽留⏎不会再把你来求⏎我的心 在滴血⏎走在漆黑冷风夜⏎连夜飘下漫天雪⏎从此一人孤单行⏎从此一人孤单行⏎江湖不在留我名⏎爱你之心怎能停⏎小涣神七后人铭","语料库",""
"mc深七-战神科比","","Mc深七","有种青春叫科比！不说再见 向你致敬。⏎感谢你荡气回肠的职业生涯，感谢你令人叹服的曼巴精神，感谢你给我们的美好回忆！20年伟大传奇，足够我们用一辈子去回味。⏎我的心里一直有你青春来过的科比  篮球场上无人能比谁来继承你火炬⏎他们曾说你混蛋   现实他们却傻眼看  你付出的千百万    你绽放的多么灿⏎他们说你太年轻   球技证明你很行     一场一场你再赢    心中的苦谁人听⏎你想证明你自己   灌篮场景你曾拟    从未迷失过自己    篮球金杯终于举⏎一年一年在努力   一直释放着杀气    伤痛在身不容易    换来现在的荣誉⏎你创造的这辉煌   冲击八零后胸膛    不服一切心太强    超越乔丹碾詹皇⏎你曾是我的梦想   看你池逞篮球场    你最牛逼的后仰    世上无人在模仿⏎篮球场上你身影   激情四射的场景    伤痛让你的梦醒    永远不忘你背影⏎共赢九百九十六   篮球精神的领袖    最后一战科比秀    狂蓝六十分拯救⏎我们不想说再见   还想你在球场现    这是共同的心愿    科比之名心中念⏎戎马生涯终战下   打下这一片天下    篮球在你心中挂    传你一世的佳话⏎一种青春叫做你   一种飞侠叫科比    一直超越着自己    一种境界无人比⏎我人生的某个阶段，快要彻底结束了。即使出现第二个科比，我也没有第二个青春去追了。⏎你并没有成为下一个乔丹 你成为了唯一的科比！我科之后 再无信仰","语料库",""
"mc深七-痞子的笑馀罪","","Mc深七","所有的坏人我来做 所有的荣耀你来拿⏎笑的像个痞子 却只剩自己了⏎笑的像个痞子 只有靠自己了⏎我的故事没人懂 心中思绪在翻涌⏎我的故事没人懂 见 过悲伤千万种⏎别人都说我太坏却看不到我的存在⏎自己选择谁都不怪多少良心被出卖⏎笑的时候太痞 但却只有自己⏎当我选择做了卧底谁才是我的靠椅⏎我的名字叫馀罪 但却没有过后退⏎累的时候选择喝醉 才不那么狼狈⏎每天我都在伪装 披着不同的衣裳⏎都看到了我的嚣张却看不到我心伤⏎每天都活在刀口 好想就如此远走⏎每天都在扮演小丑有时心也在发抖⏎见过太多的黑暗 和太多人心不善⏎无人在我身旁伴也无人替我擦擦汗⏎一身正气需要隐藏因为身边太多狼⏎笑的时候那么张狂心却慢慢的冰凉⏎我才二十几岁 活的越来越累⏎黑夜自己流的泪我但愿以后不惭愧⏎遭受太多误解 笑的依然狂野⏎年少轻狂流的血 我以后慢慢书写⏎我的故事没人懂 心中思绪在翻涌⏎我的故事没人懂 见 过悲伤千万种⏎笑的像个痞子 却只剩自己了⏎笑的像个痞子 只有靠自己了","语料库",""
"mc深七-别笑了眼泪都掉了","","Mc深七","如果 你一贫如洗 我 将是你最后一件行李⏎我爱吃草莓 草莓汁不行 草莓软糖也不行⏎就像我爱你 长得像你不行 脾气像你也不行⏎总之 不是你就不行⏎一喝酒脸就红 却始终没有人把我的酒换成饮料⏎总是感冒 都说让我吃药 却没有人把药送到我的面前⏎不怎么吃饭 所有人都告诉我吃饭 却没有人陪着我一起吃下去⏎如果一个人说喜欢你 请到他对你百般照顾时再相信⏎如果他答应娶你 让他买好戒指在你面前跪下时再感动⏎感情不是说说而已 我们都已经过了耳听爱情的年龄了⏎一直强行把一些东西送给你⏎我的时间  我的爱  我的胡搅蛮缠  我的狰狞和可爱⏎我从未问过你想不想要⏎我只知道这些 我从不给别人⏎抽烟的姿势越来越熟练 爱人也越来越随便⏎从当时的三杯倒 到现在的喝不醉⏎这是堕落，不是成长⏎可是没有人掐掉你手中的烟 没有人给你一个家⏎没人替你挡掉手中的酒⏎你总告诉别人你喝得烂醉如泥⏎却没有人急的火冒三丈 只是叫你少喝的毫不在意⏎你总是在深夜里 向别人倾诉你的痛处⏎却没有人陪你熬到天亮 只是叫你别难过了 晚安了 不屑一顾⏎其实说穿了 说白了 除了孤独和酒 你什么都没有 你一无所有⏎不知道 每天你的笑容是为了迎合大家还是真的开心⏎不知道辛酸的事情 你是否说给对的人听⏎不知道喝了那么多酒 你是不是真的没醉⏎不知道一个人回家 是不是真的不怕夜太黑⏎不知道这些年你一个人是不是真的累⏎喉咙发炎 你还忍着痛抽掉了半包烟⏎不能喝酒的你 还是逞强的一饮而尽⏎他不爱你 你还作笑陪伴⏎伤害自己的时候⏎你有没有想过 这些 真的值得吗⏎你只需要记住一件事 在感情里可以轻易放弃你的人⏎就是不爱你的人⏎无论他表现的多么不舍 表现的多么纠结 痛苦 与难说⏎只要是轻易放弃了你 他就一定不爱你⏎因为相爱最重要的一点就是 相守不放弃⏎就算我陪你走过多少路⏎为你做过多少疯狂的事⏎给过你多少的感动⏎分开了以后 想起来的时候⏎还是波澜不惊⏎而还没说话眼眶就湿润的人是我 不是你⏎我记得曾经答应过你 无论生老病死 贫穷富贵我都愿意牵紧你的手⏎做你一辈子的英雄⏎可是现在 需要保护的你 怎么不见了","语料库",""
"mc深七-离别句","","Mc深七","离别句-Mc深七⏎走过越多的路⏎看过越多的风景⏎遇过越多的人⏎世界之大 为何我们会相遇.⏎对不起，七，他能给我一切精神物质 他比你更适合我，我们，回不去了⏎曾经在我的心里 有个爱傻笑的你 陪我经历狂风暴雨最后剩下我自己⏎为你惹下太多祸 从来没有计较过⏎深情流露的承诺 现在到底算什么⏎陪你哭 陪你笑 跟你打 跟你闹 如今都已不重要 还有什么能得到⏎看着你离去背影 心情跌入了深井 对未来充满憧憬 最后化为了泡影⏎几年时光已过去 还不能把你忘记 独自一人在回忆 回忆我们的过去⏎街头见你牵他手 我的心 在颤抖⏎不知该如何开口撕心裂肺在怒吼⏎转身过后心沧桑 眼眸出现了寒霜 看着冰冷的门窗 从没有过的慌张⏎独自一人喝着酒 望着窗外垂杨柳 原来只是曾经拥有孤枕难眠这一宿⏎这一宿 有哭泣 这一宿 有放弃 不在保存着回忆 写下这篇离别句⏎你把他的手来抓 捧着她送你的花 嘴唇触碰把你夸 我想说声草泥马⏎泪不争气的落下 你曾说过那句话 你已不是我牵挂 现在终究已作罢⏎在回首我心疲惫 夜里当歌把酒醉 回想往事人憔悴 如今一人空流泪⏎其实有时 美好还包括眼泪 沉默 不安 彷徨⏎三分钟追悔 没有结果的等待 未实现的诺言 最最漫长的黑夜⏎以及在自己的故事里 流下自己的眼泪⏎为何你心那么狠 苦苦哀求让我滚 给个机会都不肯 爱上你 多愚蠢⏎为你 我心已碎 为你 我人憔悴 为你 我落下泪 为你千杯求一醉⏎在一起时把我宠 转身咬我想条狗 既然不能把腰楼 何谈狗屁的永久⏎你说你是我的眼 如今你已把我卷 你离我渐行渐远 从此不再给你脸⏎爱你爱的心已累 我的心 好疲惫 从此不会再回味 对你的好都白费⏎消失不见的爱情 自己一人也能行 没有谁输和谁赢 孤独写词到天明⏎这几年的思念 这几年的留恋 曾经的故事眼中重现却又消失不见⏎我们很多人都以为自己已经遗忘了过去⏎然而过去却并没有遗忘我们⏎别人告诉我⏎我们第一次约会的⏎那家咖啡店⏎已经倒闭⏎神奇的深七⏎9713","语料库",""
"mc深七-馀罪","","Mc深七","曾经，我的梦想很简单，我只想当一个片儿警⏎守住家里的水果摊儿，让我的家人，不再受欺负⏎可我的一生，就被你们的计划彻底改变了。⏎有时我很想问，精英那么多，你们干嘛要选我呀⏎你们全都说我太混 肩章对于我太沉⏎那天跨出警校的门 抹去我来过的痕⏎曾经梦想那么简单 守住那个水果摊⏎当个片儿警也很心安 只是心有不甘⏎曾经不求你把我夸 只想守住那个家⏎忘了那些伤疤 戴上面具出发⏎世间再也没了馀罪 抹的那么干脆⏎刀山火海都不能退 哪怕再苦再累⏎曾经为了一句称赞 给多少人下过绊儿⏎从此馀罪烟消云散 只剩下了馀小二儿⏎我还留着那枚钻戒 你说那是你一切⏎仅仅只是几个月却 流了一辈子的血⏎我要忘了我的姓名 因为我是特情⏎待到世道安宁 谁会记得一字零⏎从此放下轻狂年少 忘了那些骄傲⏎再也没了吵闹 只留下一个零号⏎我只能带着伪装 来掩饰我的心慌⏎小人就让我来当 转身踏入铁窗⏎年少轻狂男儿本性 人都只有一条命⏎遇见你 三生有幸 笑着说我命很硬⏎前方多少艰难险阻 没有人能说清楚⏎怪只怪 我命太苦 为了你我愿意赌⏎多少次我都想放弃 多想转身就离去⏎只怕负了这次相遇 负了我们的回忆⏎多少人拿我当棋子 多少人想让我死⏎既然已经走到此 便不会轻易停止⏎看着女神悄然他嫁 那就断了这牵挂⏎再险我都不曾怕 还有什么放不下⏎再喊一句大胸姐 我的人生我来写⏎这颗心 硬如铁 为你流尽一身血⏎这颗心 支离破碎又有几人能体会⏎这一生 问心无愧我还仍是我馀罪","语料库",""
"mc深七 - 一人独醉","","Mc深七","一人 我饮酒醉醉把佳人成双对 两眼 是独相随我只求他日能双归⏎娇女我轻扶琴 燕嬉我紫竹林 我痴情红颜心甘情愿 我千里把君寻.⏎红颜我痴情笑 曲动我琴声妙 轻狂高傲懵懂无知只怪太年少⏎烟雨我平凡事 此生我怀大志 为了佳人回眸一笑立下这毒誓⏎弃江山 忘天下 斩断情丝无牵挂 千古留名传佳话 两年征战以白发⏎一生征战何人陪 谁是谁非谁相随 戎马一生为了谁 能爱几回恨几回⏎败帝王 斗苍天 夺得皇位以成仙 豪情万丈天地间 续写另类帝王篇⏎红尘事我以斩断 久经战场人心乱 当年扬名又力万 这一战我无遗憾⏎将军出征人在外 归来之日谁还在 兄弟把酒论豪迈 驰骋疆场求一败⏎这次走我何时归 寒风起 我心似灰 冷风吹起樱花飞 触景生情心伤悲⏎琴声悠悠在回荡 一首幽歌为你唱 沧海桑田难遗忘 酒醒燕归来无恙⏎百花绽放出芬芳 再次回首曲流伤 回眸感触昙花香 一首忧歌笑沧桑⏎仰望窗外烟雨朦胧 想你当初那笑容 佳人一别月下逢 牡丹花开百花丛⏎情已过 义难断 提笔写下江山乱 孤枕难眠梦相伴 花飞花舞花飘散⏎紫金楼 风起玄 挥舞霸刀几万年 悠悠岁月心缠绵 如何忘记你容颜⏎恍然如梦烟雨间 雨碎落叶舞翩翩 烟雨飘渺断崖边 待我转世化成仙⏎为何你要说离别 留我一人寻彩蝶 浮生若梦三字决 留下三字这心结⏎这情花 为你摘 一颗心门为你开 平凡事我了尘埃 寂寥之心谁能猜⏎一别红颜多年后 多年情 在守候 断情之曲谁人奏 思念红颜人消瘦⏎海誓山盟烟雨楼 苦苦相思两处愁 三声誓言的缘由 只因一生无所求⏎梦里梦外千百年 可曾记得那誓言 今生情 来世缘 难忘二字为红颜⏎千百里 相思雨 相思雨 落谷底 红尘往事梦一曲 期盼三字风云起⏎脑中浮现一幕幕 一幕幕 江湖路 谁懂我心痛苦处 三声誓言以颠复⏎梦里 谁独相思 为何要寻一相知 梦外 我望明月 只为一人情难却","语料库",""
"mc深七-谢文东","","Mc深七","我非英雄，广目无双，我本坏蛋，无限嚣张.⏎人的名，树的影。我是什么样的人，没有人不知道！⏎我不是什么英雄！我只是个坏蛋！⏎你说曾为天上仙  落在这个人间   今生要把天庭掀  惹这尘世硝烟⏎英雄难敌佳人魅  暮然回首心碎   问世间有几人不醉又有几人回味⏎问这世间硝烟乱  乱世枭雄无憾   这天下有几人看  我只是个坏蛋⏎乱世都是官官相通  何人记得文东  又是何人砍断青松  让这硝烟如风⏎让这一刀滑过手腕 为这天下征战  乱世欺凌一刀已断 笑问何人敢战⏎一把金刀一根银线 谁人与我相见  今生只持一柄木剑 登上洪门盛宴⏎便装一身中山 道不尽的心酸   为你配上这根玉簪  那让你无我 不欢⏎文东会下六堂 谁敢与我称王   李爽三眼浩然高强  血杀让你癫狂⏎称霸半个中国 江山何人敢夺   群雄之中只求苟活  不去跪拜神佛⏎赐给红颜这把簪  何人让我心安  在这乱世求一欢 心中可有不甘⏎今生已经走到了此 谁愿与我赴死  漫天鲜血红到了紫 血染这份情史⏎五行伴我身边  防这尘世硝烟   若是坐上紫禁之巅 踏遍这处深渊⏎今生不留遗憾  让这天地都颤   转世重生求这一乱 来生还要再战⏎给项羽1000次机会，他也同样打不过刘邦。这就是英雄和枭雄的区别。⏎9725556⏎神奇的深七⏎9713","语料库",""
"mc深七-老九门","","Mc深七","神奇的深七⏎那上三门为官，军爷戏子拐中仙，正如烟上月。⏎那平三门曰贼，阎罗浪子笑面佛，正如杯中酒。⏎那下三门经商，美人算子棋通天，正如花下风流。⏎江湖人称九门提督⏎长沙城里九道门 世世代代探孤坟   九道门里九个人 被人称作九门神⏎上三门里皆为官 早已把那军服穿   佛爷独闯鬼门关 只为查清这矿山梨园戏子二月红 心中看淡这红尘   一心只把丫头疼 许愿退出这九门⏎死里逃生半截李  断腿被封古墓里  从此把苦藏心底 深爱守寡那个你⏎平三门里皆为贼 背负骂名度轮回   我只想伴你相随 哪怕遭受九道雷⏎陈皮阿四人性无 曾被二月红驱逐   这一世我不臣服 定把你的满门屠江湖人称吴老狗  慷慨一生广结友   九门大劫终逃走 松花江畔下杭州⏎黑背老六英雄汉  终生与刀相为伴   自古英雄情难断 用命把那红颜换⏎下三门里多为商  美人把你看心慌   神算算尽这沧桑 棋艺通天名满湘长沙城中落叶铺  九门仙女霍仙姑   才貌双全红尘出 只想认你做我夫⏎五行八卦齐铁嘴  一指占卜算神鬼    世人笑我胆小鬼 八爷名号不曾悔⏎解九爷的这盘棋  还有谁能够匹敌    墓穴中的这道迷 一棋看破生死局⏎曾经长沙老九门  现已不再是门神    为了承诺妻离子散 落得满身伤痕⏎九门中的三道门  不知何时再相逢    曾经那些盗墓人   都化为一座孤坟","语料库",""
"mc深七-一人我两袖清风","","Mc深七","一人 两袖清风⏎漫步在那烟雨中⏎空 空空以空空⏎一切往事化为风⏎满城 朦胧细雨⏎兰花伞下佳人举⏎高榜提名天下许⏎花轿把那佳人娶⏎天配 才子佳人⏎千辛万苦进心门⏎空 空空以空空⏎琵琶弹起奏乐声⏎江山 它美如画⏎得你便是得天下⏎你在我心是牵挂谁若动你我杀天下⏎望着 整片山河⏎帝王玉玺谁敢夺⏎空 空空以空空⏎天下已在我心中⏎君子 他爱红颜⏎笑那沧海和沧田⏎红颜陪伴似成仙⏎看淡一切人世间⏎转眼 过三十年⏎尝尽所有苦于甜⏎空 空空以空空⏎如何放下帝王称⏎爱恨情仇乃知己⏎怪我当初爱上你⏎一切都是情非得已再次握住手中笔⏎秋风 吹散落叶⏎没有 你的世界⏎空 空空以空空⏎望那东方旭日升","语料库",""
"mc深七-几度梦回大唐","","Mc深七","几度梦回大唐⏎心中无限凄凉⏎昔日王者断肠⏎我弯弓齐射天狼⏎苍穹一转朱轮回⏎我看破轮回梦相随⏎随风逐浪霸天围⏎那生死轮回震天锤⏎这一次我踏入语音⏎手持神兵天魔琴⏎我这一生独步武林⏎气势另类似龙吟⏎昔日将你打入深渊⏎随这时光的变迁⏎青龙火凤盘双肩⏎今日我定杀破天⏎三界之中听我号令⏎携带神兵昆仑镜⏎势必拿下二郎狗命⏎还我帝都的安宁⏎违抗王命者 杀⏎犯上作乱者 杀⏎不忠不孝者 杀⏎不仁不义者 杀⏎望九幽 魔战群仙⏎撕毁挥霍写诗篇⏎看天下我烽火狼烟⏎让我孤身斗苍天⏎王道没有那么短⏎苍天在为我逆转⏎这一次我要重返⏎天下为我来呐喊⏎就算如今一人走⏎不会提到我怒吼⏎当我站在暴风口⏎是否还会牵我手","语料库",""
"mc深七-老婆","","Mc深七","她当了一天的公主⏎十个月的皇后⏎却付出了一辈子的操劳⏎请善待你的老婆⏎不管多晚 记得回家 我是Mc深七⏎请原谅她不温柔 她没有温柔眼眸  为了你的一句白头 眼泪哽住咽喉⏎她从决定跟你 跟你走在一起     姑娘变成你的妻子放弃多少男子⏎那年你在追她 那年你狠爱她     那年她笑面如花 决定跟你回家⏎她不挑你的条件 她愿意陪你受苦  她说你是她归属 愿意陪你去赌⏎那破旧的楼房 只有你在身旁     可她做了你的新娘你是她的新郎⏎你应该更去爱她 别像一个傻瓜   你赚的钱都交给她她也没有胡花⏎她每天把你陪伴 她不想你有遗憾  她为你洗衣做饭 她为你精打细算⏎她孝敬你的爸妈 请你 好好爱她   她有的时候傻瓜 希望 你把她夸⏎她为你十月怀胎 她为你变得好乖  你的心思她要猜 一遍一遍的猜⏎她为你生儿育女 她心中愿为你许  她为你哭的泪如雨 为你油烟水米⏎她闯过生死的门 为你诞下一人    她身上留下疤痕 只为爱你一人⏎她为了家里操劳 从没说过要挑    为了孩子好好上学她不乱花一毛⏎她为你精打细算 她夜夜与你作伴  她从没有过抱怨 她常常把你告劝⏎她为你日夜辛苦 她为你洗刷缝补  她不想给你添堵 体谅你的辛苦⏎她没有给你败家 她每天洗洗刷刷  她是你孩子的妈 为你守护一家⏎她不给你添烦忧 她懂得该收就收  她懂得情灌九州 海誓山盟悠悠⏎她让你干干净净 她为你能舍性命  也许你该庆幸   一切由你决定⏎她在家里是个宝 父母对她那么好  可你说要陪她到老 放弃一切跟你好⏎不要跟她争吵 她对你那么的好   你要把她当个宝 慢慢陪她到老⏎她是你的老婆 最爱你的老婆   你该守你的职责 给她好的生活","语料库",""
"mc深七-海阔天空","","Mc深七","时间  一点一滴从指尖飞快的划过 时间的流逝告诉我们 原来我们已经渐渐长大⏎恍然间才真正明白 原来我们已经开始了人生中新的旅途⏎我想今天大步分人 都会经历过 那么曾经少年懵懂的叛逆里⏎那时间我们无论风雨 都会有一双翅膀为我们遮风挡雨 载我们向前飞翔⏎事隔多年后的今天 当我独自一人飞向这条名为生活的旅途时 当我记下沿路风景后 我才真正了解 曾经那么的小 也许很牵强⏎如今 他们早已不再为我指引前路的方向 因为他们已经确信 我们已经拥有能力在广阔的天空下自由飞翔。⏎临行前 他们对我说 他们并不在乎我飞的到底高还是不高 他们在乎的是在广阔的天空下 飞的到底稳还是不稳 他们也为曾在乎过 我们飞的到底远或是不远 而在乎的是我们是否会飞错方向⏎在这广阔的天空下 你是否已经开始展翅飞向你的梦想⏎在这广阔的天空下 你是否曾经也以你的梦想背到而驰 在这无际的汪洋大海中迷失自己⏎那么今天 祝所有已经开始飞行在海边上的朋友们都能够振起乘风 海阔填空 但愿未来的时间里 我们能一直伴随着梦想振翅高飞⏎我并不知道天有多远 我也并不知道海有多⏎深 但无论前方有多少惊涛骇浪⏎无论前方有多少艰难旅途 我都愿为了梦想 为了所以爱我的人跟我爱的人自由飞翔。⏎在这一时间所有已经飞行到梦想的朋友 举起你们的双手， 让我看到你们的存在","语料库",""
"mc深七-耿耿星河","","Mc深七","9713⏎我曾经问过自己好多次⏎我到底为什么喜欢你⏎我想了好久终于想明白了⏎我就是喜欢你 没有原因⏎这就是答案⏎你怎么又来了⏎我的名叫路星河⏎爱你耿耿已成魔⏎我想伴你一生蹉跎⏎这一次我为你活⏎怪我爱的太苍白⏎始终比不过馀淮⏎一直坐在那个天台⏎只能把这词掩埋⏎五十六次的求婚⏎你却始终不当真⏎如今的爱已太深⏎说我想与你立黄昏⏎迟迟钟鼓初长夜⏎耿耿星河欲曙天⏎当我熄灭手中的烟⏎还是不能把你牵⏎耿耿你就像是毒⏎让我情乱踩迷途⏎这些年我糊糊涂涂⏎带你就是我救赎⏎十好几年的光阴⏎我却只轮到如今⏎为了你我把命拼⏎我只为赢得你的心⏎为你画的那些画⏎你可看出我牵挂⏎万里山河脚下涛疏⏎不如与你到白发⏎迟迟钟鼓初长夜⏎耿耿星河欲曙天⏎我想一直在你身边⏎想进入你的心间⏎不经意间的打闹⏎让我迷上你的笑⏎每次见你心都在跳⏎你像我喝的毒药⏎我一直在你身后⏎却不能伴你左右⏎其实我早已经看透还是我不够优秀⏎看见馀淮牵你手⏎我好像一个小丑⏎以后的路我自己走⏎只是想你会发抖⏎祝你以后好好过⏎就当我从没来过⏎也许是我爱的太错⏎就当我从没来过⏎迟迟钟鼓初长夜 耿耿星河欲曙天","语料库",""
"mc深七-将军与妓","","Mc深七","若今生 乱世如麻⏎便许你来世锦绣荣华 满城烟花⏎君可愿白衣饮茶⏎再唱一曲六月雨下⏎当了七年诟病人⏎不曾进入你心门⏎风情万种失了神哪⏎却不敌她一座坟⏎你是将军我是妓⏎身披战袍无人替⏎不负王也不负帝⏎却赠我一生孤寂⏎我想打开你心门⏎你心却有一道痕⏎她的笑 太销魂⏎留我独自去沉沦⏎终于做回我自己⏎深巷酒肆琴一曲⏎你说别想离开你 终究是我输不起⏎我肮脏 我绝望⏎*******⏎你说她在你心上⏎怎能代替她模样⏎爱你如毒 毒刺骨⏎你却拿命 和我赌⏎*******⏎一生眷恋化尘土⏎你是将军我是妓⏎始终无法把她替⏎你是将军我是妓⏎爱恨成痴空回忆⏎奈何桥 孟婆汤⏎红尘往事终成伤⏎我的爱 并不脏⏎酒醉金迷夜未央⏎如有来世不做妓⏎愿意随你一同去⏎若有来生再相聚⏎但愿不要把我弃⏎来生若能长相守⏎这段深情换你有⏎别让我 等太久⏎太阳下山我就走⏎三生石旁你可在⏎彼岸花开在等待⏎若你不负相思债⏎可愿来生把我爱⏎这一世⏎你始终不承认你爱我⏎你说⏎我是妓⏎怎能和她比⏎你说⏎她的笑你记挂了一辈子⏎其实⏎她的笑我练习了一辈子","语料库",""
"mc深七-菠萝咒","","Mc深七","胜者为王败者寇 手下菠萝已足够⏎大菠萝 太优秀 给你来个菠萝咒⏎人鬼魔 斗战佛 我有一个大菠萝⏎我入佛你变菠萝 三个菠萝化为何⏎我若走 留下魂 统领菠萝斗战神⏎站在颠峰留伤痕 菠萝怒吼南天门⏎砍菠萝 诛魔鬼 斩菠萝 夺凤尾⏎这个菠萝谁人给 菠萝冲向大西北⏎何为武词何为文 写出菠萝的灵魂⏎战场之上菠萝伦 后人称我菠萝神⏎一字地 二字狂 不败二字波罗狂⏎最后离去泪两行 我要称霸菠萝王⏎下地府 闯天牢 一脚踏平菠萝桥⏎你这菠萝何处逃 吃个菠萝乐逍遥⏎菠萝展翅云飞翔 纵横语音把名扬⏎回想年少太轻狂 万人称我为战狂⏎走也罢 留也罢 菠萝为你夺天下⏎只为菠萝战叱咤 多少菠萝我不怕⏎文能提笔安天下 战歌响起的一刹⏎三军统领一句话 多少战士把马下⏎菠萝展翅九千里 吃菠萝上九万里⏎天空何时下起雨 那日再把菠萝举⏎当我离开起战歌 不败王者下山坡⏎冲向江东长坂坡 带我俺摇创传说","语料库",""
"mc深七-给你写的歌","","Mc深七","一部电影一首歌一句歌词一条马路和无数个闭上眼睛的瞬间⏎跟我回家别再四处流浪别牵别人的手也别乱给别人感情的错觉.⏎给你写的这首歌 太多的话不敢说 积攒伤痛已太多 笑得依然太洒脱⏎虽然只是异地恋 相隔千里不能见 一直等待你出现 让我再见你一面⏎时间过的太仓促 想你的心挡不住 仔细想想未来的路只在灯火阑珊处⏎与你爱的这半年 天已注定这份缘 回到过去的以前 心中只有一份甜⏎虽然一直都在吵 心里一直很苦恼 我知道你对我好 我愿伴你走到老⏎沉默一天又一天 甜蜜都已在心间 曾经写下多少诗篇一直陪在你身边⏎真的真的对不起 爱情谁都不能比 话一直都在我心里这次真的爱上你⏎我知道你对我依赖一切都是因为爱 虽然有时很无奈 无奈也要去等待⏎我希望你做我老婆陪我一起打山河 爱你爱到已成魔 付出生命又如何⏎为了你我不在称王放下江山又何妨 为你哭我泪两行 只为甘做你的郎⏎记得曾经那场梦 梦醒你说心好痛 在你心里我有多重这首歌我为你送⏎我说人心都很阴却改不掉你那颗心 你说喜欢我的声音为了你我还在拼⏎当我再次拿起笔 多想念她送给你 这一生伴你一起 一起走过那场雨⏎幻想未来的黄昏 这口气我为谁吞 那份情它有多深 漫天飞雨在狂奔⏎你说且行且珍惜 你喜欢我为你拼 那段回忆的光阴 爱得是你这颗心⏎如今回忆在哪里 泪已渗进我眼底 就算伤害我自己 还是不能放弃你⏎决定不会再挣扎 仔细想想在回答 拾起当初那段年华多想喝下忘情茶⏎你总是说我太笨 心碎为何不能恨 总是纠结这一阵才弄得气氛这么闷⏎时间有过多少阻拦好多的话都在瞒 怕你生气怕你烦 为何相爱这么难⏎给你写的那封信 好想忽远又忽近 你我的心已相印 伴你一生到双鬓⏎每天想你到天明 无法忘记你的名 感谢老天这份情让我的心里能安宁⏎陪你看的这颗星 梦醒只是一场惊 富士山下满地樱 那首歌我还在听⏎我不想在自己最好的时候遇见你⏎让我们在彼此最坏最丑最糟的时候相遇 然后我们再一起慢慢变成最好⏎这样的话 有朝一日我变得不那么好 你也不会太惊讶⏎这样的话 如果岁月不解风情使你变得又坏又丑又糟时⏎我也会无所谓地笑一笑继续抱着你.⏎9725556⏎神奇的深七⏎9713","语料库",""
"mc深七-你说别再笑了","","Mc深七","我们在这个无情的世界里深情的活着⏎这个世界上没有人会与你感同身受⏎人都是自私的 就是一瞬间想通了释然了⏎在下一秒又想不通了⏎每一天都是这样不同的循环着⏎姑娘 别再笑了 眼泪都快掉了⏎你说别再笑了 眼泪都快掉了⏎馀生请你多指教 以后别再傲了⏎你说心里疼了 忘记那段情了⏎从此以后孤零零 不再向南行了⏎你说情快断了 我们各自散了⏎开始以为是我变 还是你不见了⏎你说路太长了 我们太迷茫了⏎眼泪落下快两行 谁又在身旁了⏎好久没看你笑脸 又是十二点了⏎你说击过掌了 又是梦一场了⏎心儿已被你阻挡 不会再向往了⏎你说已经累了 爱的快崩溃了⏎爱上你是我不对 让我又喝醉了⏎你说我不如了 你学会独孤了⏎只要能让你幸福 那我就满足了⏎你说不再求了 忘记那温柔了⏎从此的你不回头 泪也不会流了⏎你说不再爱了 时间也太快了⏎这份感情是你败 不想被伤害了⏎你说真要走了 别再牵我手了⏎怨天太长地太久 看你说出口了⏎你说不再见了 回首情也淡了⏎往事与你不再看 是我心太善了⏎你说又一人了 不再是女神了⏎从此以后断红尘 再也不听闻了⏎你说要离去了 不会再延续了⏎倾听我声与旋律 最后这一句了⏎倾听我声与旋律 最后这一句了⏎你好 我是深七⏎关注我的微博 神奇的深七","语料库",""
"mc深七 - 南山南曲忧伤","","Mc深七","离开她时我就明白⏎爱是一回事，生活是一回事⏎艳遇是一回事，岁月是另一回事⏎当我终于消失在追逐你的长途里⏎某个寒夜 你的手机微微一震⏎你还会不会恍然以为那是我给你的温暖⏎南山南去忧伤 一首忧伤定南方⏎艳阳难找这阳光 可我心里在发慌⏎南山南 北秋北⏎北方佳人有多美 我又能是她的谁⏎生在南方也后悔⏎南山南我心好烦 何时我能把家还⏎秋风过 碧海蓝 没人能懂我心寒⏎你在南方的艳阳里 大雪是否纷飞⏎我在北方的黑夜里 却独自举起了酒杯⏎南山南又刮起风  远方亮起那盏灯⏎再听不见他的声 梦里佳人有多真⏎南方大雪纷纷下 北方家人心融化⏎独坐南山心自凉 梦回北方成了翔⏎北方夜 有多寒 沉睡的琵琶谁人弹⏎佳人轻抚着琴弦 回眸忘不掉容颜⏎你在南方的艳阳里 大雪在这纷飞⏎我在北方的寒夜里 她却四季如春⏎天黑之前来得及 我要忘了你眼睛⏎佳人话我谁人提 在看不见那颗心⏎深夜苦酒一人喝 唱一首古老的歌⏎南方柳 已成柳荫 只为了那佳人遮⏎穷极一生等一途 做不完这一场梦⏎走到尽头的人生却只剩下一个恨⏎无泪以静静无声 听魂落地一根针⏎自己说谎的哑巴 心中日夜思念她⏎何时再能见到她 心中最美那朵花⏎谁人与我把家归 谁人与我把心堆⏎谁人与我把梦追 谁人与我化成灰⏎梦里梦外梦纠缠 一生从未过平凡⏎抬头仰望南山南 谁会陪我赛阻难⏎等不到的这天黑 大雪依然在纷飞⏎雁已不再往南飞 如今只剩下心灰⏎还是那个寒意 还是那个迷雾⏎试图逃离我的世界 却已灰飞烟灭⏎穷极一生一场梦 走到尽头剩下恨⏎无泪以静静无声 听魂落地一根针⏎塞上一曲南山南 解除多少的心烦⏎远方佳人不再纠缠 独自独奏南山南","语料库",""
"mc深七-她说她没喝醉","","Mc深七","Mcshenqi77⏎她说她没喝醉  却摇摇晃晃流泪   你说你很爱他 却没有给他一个家⏎那一年我在劫头 眼中泪我不停留   江山如画美名愁 为你一笑解千愁⏎那一年我还有你 如今剩下我自己   只要和你在一起 我放弃江山也可以⏎那一年我还有他 如今花落到谁家   爱也罢我恨也罢 我不再把你心头挂⏎那一年我悲伤曲 握起手中这支笔   坐在那把蛟龙椅 写下往事一缕缕⏎那一年我月光上 令我狼狈的摸样   流着眼泪写下诗篇 只为把这爱情丧⏎那一年我心已碎 酒过三巡早已醉   碎碎碎我醉醉醉 我回忆曾经多珍贵⏎那一年我已失去 慢慢失去这记忆   这段感情埋在回忆 从此不想再联系","语料库",""
"mc深七-灵魂摆渡人","","Mc深七","传说把灵魂压给冥王 就可以获得永生⏎奈何桥水 彼岸花美⏎饮一碗孟婆汤水 问一句生死为谁⏎此后不生 不死 不毁 不灭⏎游荡三界之中 行勾魂引路之事⏎称 灵魂摆渡人⏎生生世世三界中 岁岁年年淡如风⏎手中提的引路灯 那引了阵阵厉鬼声⏎不再懂情为何物 却在我心的深处⏎走了百次阴阳路却不再敢看红颜墓⏎也怪我太过执着 不忍心过着奈何⏎转身不再见孟婆 那只愿意为你而活⏎生死簿上千页纸 一个轮回又开始⏎那一世我为你死 那甘为你做这棋子⏎也许 是我的错 怪我根本看不破⏎我只记得我承诺 那和我只爱你一个⏎奈何桥上看轮回 你却不知我是谁⏎我不在你身边陪 那谁替我给你画眉⏎我已经没了灵魂 却还有爱着的人⏎我看透了生死门那却添不上我心上痕⏎眼中生死淡如水 你依然是那么美⏎生生世世皆为鬼 那只为你却不曾悔⏎没等你我白双鬓 人间缘分就已尽⏎这道魂是一封信 那一直在我魂中印⏎这封信还未写完 因为我心从未寒⏎这份情我不想还 那只因放下情太难⏎没了狂也没了傲 但你根本看不到⏎我还记得你的笑 那还在我的心头绕⏎你可能不会记得 我这个引路的魔⏎那天望着忘川河 那就这样阴阳相隔⏎生死簿名早已抹 幸好我仍还是我⏎我不是在等结果 那而是我真的不舍⏎每个灵魂摆渡人 心上都有一道痕⏎明明情字这么沉 那等的人却不曾闻⏎轮回尽头佳人来 头却不再为我抬⏎她的情在前世埋 那我已不再她胸怀⏎你可认识我是谁 她说来此第一回⏎你的生我不相随 那你的死我愿意陪⏎你可认识我是谁 她说来此第一回⏎你的生我不相随 那你的死我愿意陪⏎在奈何桥上 有一个生生世世等着接你的人吗？⏎他在等 等你某一世的轮回中⏎赏赐他一个回眸","语料库",""
"mc深七-蝶儿总在空中飞","","Mc深七","蝶儿总在空中飞 感情有喜也有悲⏎放弃一切把爱追 追到尽头是伤悲⏎独自漫步走云端 环绕万水和千山⏎眼中有泪很心酸 从此简简又单单⏎悲欢离合握在手 付出一切和所有⏎梦里与你手牵手 那花里看花花没有⏎血气方刚男儿心 以后自己去打拼⏎为你从古打到今 表达我对你真心⏎跳出三界为你痴 站在雨中已淋湿⏎我的心只有你能知 我的爱情已成诗⏎倘若我死必相望 是否还再放心上⏎看着后浪推前浪 我生生与你更心撞⏎无奈寂寞太慢长 无奈时以入心房⏎你走后我泪两行 那心中路途在起航⏎我想你心我无语 何须在挂念从前⏎心中有苦也有甜 那有时泪也比水咸⏎和曾说过要放弃 和谐再有相守雨⏎曾经把你心中记 如今我也把天逆⏎何时我才得你心 在你心中重千斤⏎曾经你是我知心啊 如今我已无真心⏎相识在那一地点 相识在那一瞬间⏎还有你我这新鲜 我会把你记心间⏎还念坚信我一人 一人踏破这凡尘⏎等我只有你一人 那一人奔去那心冷⏎还会一直的想你 把你藏在我心里⏎从此心中只有你 那个他我是真爱你⏎这首歌的名字叫做蝶儿总在空中飞","语料库",""
"mc深七 - 爱情不是毒药","","Mc深七","爱情不是毒药⏎让人停止心跳⏎你的温柔你的笑我怎么才能忘掉⏎我一个人心碎⏎我一个人喝醉⏎一个人我听着伴奏孤独喊着另类⏎过去已经过去⏎回忆已成回忆⏎为何还要狠心让我看着你们甜蜜⏎你转身的场景⏎突然之间梦醒⏎泪已落下才知道我还是掉入陷阱⏎如花如痴如梦⏎心儿已被刺痛⏎转眼之间三年过去有过太多感动⏎昔日兄弟分散⏎名利已经看淡⏎爱过恨过辉煌过后我已无心再战⏎心中思念着她⏎旧梦好似飞花⏎总有一天我会亲自为你穿上婚纱⏎忘掉那些忧愁⏎感受你的温柔⏎多想我能牵着你手一起走到白头⏎清风浮动琴弦⏎飞沙洒落中原⏎爱也绵绵恨也绵绵风花雪月缠绵⏎是我难遇知己⏎还是情非得已⏎在我心里忘不掉的那个人还是你⏎我就站在原地⏎等你回心转意⏎你说过的那些承诺我都没有忘记⏎说好天长地久⏎为何你要放手⏎难道那些誓言最后只是曾经拥有⏎望着这座空城⏎你我何时相逢⏎你根本就不会知道我的心有多疼⏎是我太过认真⏎还是伤的太深⏎你的容颜你的笑容让我难舍难分⏎悲伤怎么遮掩⏎错过也是难免⏎说好我们一起走到永远到底有多远⏎为何让我流泪⏎为何让我心碎⏎这个世界对我来说已经无法回味⏎已经迷失自己⏎身旁没有知己⏎这个世界对我来说只是情非得已⏎为何对我说谎⏎为何让我迷茫⏎这个世界对我来说已经无法鉴赏⏎为何说我爱你⏎为何说我伤你⏎这个世界对我来说真的没有天理","语料库",""
"mc深七-致敬六小灵童","","Mc深七","他是一个演员 他是很多人对青春的回忆⏎他是最的人心的齐天大圣 他是几代人心中的偶像⏎他是六小龄童 他今年57岁了..⏎.⏎望着昔日金甲 却再也无妖对打 空有一身通天法 身旁剩一匹老马⏎曾经一人战星空 踏着彩云御清风 曾经一手乱群星 今朝却已看不清⏎他是  六小龄童 是心目中的英雄 猴王的心有多疼 这一次他没  赢⏎一辈子的一场戏 却演到了无人替 就算写了千万句 经典又有谁能续⏎终是岁月不饶人 猴王脸上的伤痕 转身再看南天门 不是当年那些神⏎辉煌已经被掩埋 法力都已成空白 很多人都再重来 却在演 不出那情怀⏎铁棒在手千斤重 传来阵阵的酸痛 我们年少时的梦 再换一句孙大圣⏎苦练七十二变   笑对八十一难   若能用我今生换 换这铁棒别断⏎一幕幕的经典 都已经越来越远 人心变得好明显 但却留下这一点⏎妖魔鬼怪成了仙 斗战胜佛败了怨 一身铠甲断成烟 再去打出一片天⏎每段背景音乐 都让人无法忘却 恍然记得某一页 他忘写上一声谢⏎那是一根金箍棒 还是儿时模样 它落在我的心上 我又怎么能忘⏎我记得某个桥段 天下你都说了算 十万天兵一人战 现在还想再看⏎我不想去看他输 因为我怕我哭 凌霄殿上三进三出 怎能败给匹夫⏎他被压在那山下 五百年都未曾怕 当年他无牵无挂 今天他却白了发⏎这一切又能何妨 他比谁都要刚强 找回曾经傲和狂 再演一回美猴王⏎其实因该要感谢春晚没有要邀请他，如果邀请了他也许咱们就想不了这么多了。⏎也许一切都平平淡淡的过去的话，到了十年二十年以后，真的有一些人就真的不记得了。⏎9725556⏎神奇的深七⏎9713","语料库",""
"mc深七-曾经我的爱人","","Mc深七","酒窝有酒，没能醉，故事有事，丢了她，喝完酒酒杯就扔，从此也就没了支撑，曾经我的爱人啊，还好吗？⏎曾经我的爱人，曾经我的女神，曾经动人的红唇亲吻着我的心门⏎曾经我的爱人，曾经我的女神，曾经伤我留下疤痕对她俯首称臣⏎曾经那件婚纱，曾经幻想的家，曾经刀在心上扎说爱情我草泥马⏎曾经说做我妻，曾经为你泪滴，曾的我放荡不羁如今却成sb⏎如今眼泪不停狂奔你名刻得太深，另类喊到了黄昏世界说如此阴森⏎喝酒终会喝到乏味酒入穿肠烧胃，白色香烟伤了肺说感情支离破碎⏎当初多么狂傲，为你放下骄傲，为你我说江山不要只为给你拥抱⏎如今笑我如狗，整天喝着烈酒，  笑我傻的像个小丑还是怪心发抖⏎死去多少的时间还为何怀念曾经， 从未回眸看我一眼感情冷的像冰⏎褪色多少张照片那丢了颜色的天，就让往事化成云烟不再为她疯癫⏎就像一场大风，嘶哑发不出声，酒喝完了酒杯就扔从此丢了支撑⏎就像一场大梦，再也不会去碰，只要不会在心动就不会在有心痛⏎曾经我的爱人，曾经我的女神，曾经想你丢了魂因你治丝益棼⏎曾经我的爱人，曾经我的女神，曾经的你有多单纯曾经谁可听闻⏎曾经我的爱人，曾经我的女神，从此落笔锁心门让这段感情封存⏎曾经我的爱人，曾经我的女神，从此孤留我一人独自傻傻沉沦⏎9725556⏎神奇的深七⏎9713","语料库",""
"mc深七-祈福盐城天佑阜宁","","Mc深七","开场想了好久好久 不知道怎么去说⏎好吧 不说了都在歌中 在这里深七祈福盐城天佑阜宁同舟共济，早日重建家园。⏎六月二三这一天 噩梦降临我心间⏎措手不及的天灾 暴风把这阜宁翻⏎为何老天这么残忍为何你要这么狠⏎为何老天这么残忍为何侵袭这盐城⏎龙卷风，冰雹雨 横冲直撞千万里⏎多少砖房连根拔起房屋倒塌千万里⏎多少人泣不成声 以泪洗面到三更⏎冰雹雨，龙卷风 一切努力化为空⏎天空突然变暗        多少同胞遇害⏎多少人在仰屋窃叹从此没有了依赖⏎一切化为乌有        全被暴风带走⏎难以入眠这一宿 回想那时心颤抖⏎多少房屋已倒塌 多少人在洒泪花⏎多少人，没了家 多少人在把泪檫⏎多少茹泣吞悲       多少无家可归⏎多少成果随风而飞 留下废墟一堆堆⏎死的死，伤的伤 多少同胞泪汪汪⏎一方有难八方帮 在此感谢党中央⏎但愿天堂没有疼痛一生都由你放纵⏎但愿天堂没有疼痛一生都由你放纵⏎天灾无情，人间有爱。一方有难，八分支援。愿早日回复安康。⏎这首歌写的不是很好⏎9725556⏎神奇的深七⏎9713","语料库",""
"mc深七 - 花千骨她泪三尺","","Mc深七","也就从这里开始⏎花千骨她泪三尺⏎爱我的人走到此⏎我爱的人要我死⏎人心到底有几面⏎再看一眼断念剑⏎这一生有多留恋⏎再不入这绝情殿⏎再奏一首东风破⏎长留御剑再来过⏎也许爱上你是错⏎我爱的人杀阡陌⏎我说要你身边陪⏎要你陪我到白眉⏎宁可负这天下人⏎也不让你痛一回⏎断念已残宫铃毁⏎谁又与你御剑北⏎三界苍生谁最美⏎只想要一个结尾⏎能否陪在这草屋⏎什么我都不在乎⏎为了你愿天下诛⏎从来都没怕过输⏎把这苍天打到跪⏎只求你别落下泪⏎何为错何为对⏎难道是你太妩媚⏎你的眼中只有苍山⏎只当我是一阵帆⏎再弹这一首古筝⏎也都睡在三界中⏎什么三界 什么神器⏎我爱你它只一句⏎一百年我谁来续⏎心上有人谁人记⏎仙都魔道不再轮回⏎再不要你身边陪⏎再唱一次这天雷⏎天下奇缘何人为⏎自古红颜就命薄⏎画下一个人的牢⏎只怪心上人因何⏎这一生他还几愁⏎奈何桥已孟婆汤⏎战人自古英雄殇⏎可怜红颜多沧桑⏎英豪的心似铁钢⏎一座仙山一座宅⏎也是这么的苍白⏎一千年他喊不来⏎何时再投异性怀⏎也是异性爱着你⏎百年换得对不起⏎心上人你在哪里⏎到头还是我自己⏎把这一首《花千骨她泪三尺》⏎送给所有聆听的朋友们⏎希望你们能喜欢，多多点击⏎我是你们的好朋友 Mc-深七⏎记住我的QQ号码是916486657","语料库",""
"我爱钱","","南征北战","呼哈 呼哈 呼哈 呼⏎呼哈 呼哈 呼哈 呼哈⏎呼哈 呼哈 呼哈 呼⏎我就爱钱钱钱 你能拿我怎么样⏎捡到钱钱钱 天气就会晴朗⏎不要说我思想坏 钞票难道你不爱⏎大家都爱爱爱爱爱爱爱爱爱爱⏎他妈的没有钱我要怎么吃⏎要怎么活要怎么死 不就是纸⏎有谁可以适可而止⏎对钱的追求不像街头篮球⏎不是街舞不是freestyle行云流水的flow⏎哟 我还年轻 所以我要赚钱⏎只有没出息的人才不想赚钱⏎数数数数数数数数 现金钞票支票还有银行帐户⏎我要去牙买加旅游 没有钱怎么go⏎买套房子钱要攒到什么时候⏎虽然我不会跑到酒吧里面喝酒⏎但是零食永远吃不够 有时钱不够⏎我爱钱 你是我最心疼的宝贝我爱你⏎我爱钱 无论走到哪里我都必须带你⏎我要钱 你让人进监狱但没人会害你⏎我要钱 钱钱钱钱钱 我爱你⏎我就爱钱钱钱 你能拿我怎么样⏎捡到钱钱钱 天气就会晴朗⏎不要说我思想坏 钞票难道你不爱⏎大家都爱爱爱爱爱爱爱爱爱爱⏎有人为了钱在三里屯卖大麻⏎有人抢劫路上的少女和大妈⏎拜托别毒害大家 没钱回家问你妈妈⏎咔嚓 咔嚓 剪断你犯罪的梦想⏎你给劳资少空想⏎Real gangsta不可能forever⏎所以小朋友们一定要对gangsta说never⏎管你奔驰还是宝马 没兴趣⏎管你美女还是帅哥 没性欲⏎只有money能让我过得比你好⏎有了钱每天泡牛奶洗澡⏎我爱钱 你是我最心疼的宝贝我爱你⏎我爱钱 无论走到哪里我都必须带你⏎我要钱 你让人进监狱但没人会害你⏎我要钱 钱钱钱钱钱钱 我爱你⏎我就爱钱钱钱 你能拿我怎么样⏎捡到钱钱钱 天气就会晴朗⏎不要说我思想坏 钞票难道你不爱⏎大家都爱爱爱爱爱爱爱爱爱爱⏎呼哈 呼哈 呼哈 呼哈⏎呼哈 呼哈 呼哈 呼⏎呼哈 呼哈 呼哈 呼哈⏎呼哈 呼哈 呼哈 呼⏎我要去牙买加旅游 没有钱怎么go⏎买套房子钱要攒到什么时候⏎虽然我不会跑到酒吧里面喝酒⏎但是零食永远吃不够 有时钱不够⏎我爱钱 你是我最心疼的宝贝我爱你⏎我爱钱 无论走到哪里我都必须带你⏎我要钱 你让人进监狱但没人会害你⏎我要钱 钱钱钱钱钱 我爱你⏎我就爱钱钱钱 你能拿我怎么样⏎捡到钱钱钱 天气就会晴朗⏎不要说我思想坏 钞票难道你不爱","语料库",""
"嘻嘻哈哈","","张卫健","铅笔 制造⏎苦笑露门牙 活着 干嘛给人糟蹋⏎有限的年华 该浪费在 花前月下⏎天下这么大 傻瓜 才窝井底水洼⏎每天给我 一粒沙 有种爬⏎我就有登天的塔 手指比八⏎生活当创作涂鸦 随性一下 冒险挥洒 新的火花更新你的想法⏎没变化脑袋会硬化 来举手跟我嘻哈⏎假似真似假 爱恨痴颠喜怒悲欢⏎就一念之差⏎快乐有戏法 就像漫画 你敢想像⏎它就无限大⏎扳脸皱眉吗 认输 久了小心下垮⏎我的座右铭 四个字 叫 活在当下⏎该放就放下 心宽 路就自然宽大⏎我们的笑 这发明 真伟大⏎呼唤它 它就会到达⏎苦笑露门牙 活着 干嘛给人糟蹋⏎有限的年华 该浪费在 花前月下⏎天下这么大 傻瓜 才窝井底水洼⏎每天给我 一粒沙 有种爬⏎我就有登天的塔 手指比八⏎生活当创作涂鸦 随性一下⏎冒险挥洒 新的火花更新你的想法⏎没变化脑袋会硬化 来举手跟我嘻哈⏎假似真似假 爱恨痴颠喜怒悲欢⏎就一念之差⏎快乐有戏法 就像漫画 你敢想像⏎它就无限大⏎假似真似假 爱恨痴颠喜怒悲欢⏎就一念之差⏎快乐有戏法 就像漫画 你敢想像⏎它就无限大⏎假似真似假 爱恨痴颠喜怒悲欢⏎就一念之差⏎快乐有戏法 就像漫画 你敢想像⏎它就无限大","语料库",""
"爱的大未来","","萧敬腾","我看着败北的魂⏎心中不禁疑问⏎是不是我不认真⏎我看着偷塔的人⏎心中不禁再问⏎是不是我不诚恳⏎这世界就是这样⏎我该学会坚强⏎在生存中求生存⏎找不到的答案⏎其实就是答案⏎只想为了爱而生⏎抵挡末路的进攻⏎攻击穷途的防守⏎为你召唤所有远古的爱⏎燃烧生命的冲动⏎打开魔力的枷锁⏎为你穿越黑夜⏎陪你一起走⏎我看着时钟的针⏎心中有些停顿⏎能不能暂停一分⏎我看着真理的门⏎心中有些烦闷⏎能不能交换一寸⏎这世界就是这样⏎我该学会遗忘⏎在生命中求生存⏎找不到的答案⏎其实就是答案⏎只想守护一个人⏎大地的无情一步步逼近⏎再起的风云天地之间觉醒⏎抵挡末路的进攻⏎攻击穷途的防守⏎为你召唤所有远古的爱⏎埋葬软弱⏎燃烧生命的冲动⏎打开魔力的枷锁⏎为你穿越黑夜⏎陪你一起走⏎Fight⏎I will beat you⏎Fight⏎Fight⏎I will beat you⏎Fight⏎我勇敢前进⏎手里拿着武器⏎启动加速器⏎我会打败所有敌人⏎只为背负九尾的你⏎只要你相信⏎我们爱的大未来⏎抵挡末路的进攻⏎攻击穷途的防守⏎为你召唤所有远古的爱⏎任性放纵⏎燃烧生命的冲动⏎打开魔力的枷锁⏎为你穿越黑夜⏎陪你一起走","语料库",""
"medley_:_夏日寒风___爱情陷阱_-_break_rockin'_beat_mix","","谭咏麟","挤迫的沙滩里 金啡色的肌肤里⏎闪砾暑天的汗水⏎我却觉冷又寒 缩起双肩苦笑着⏎北风仿佛身边四吹⏎只因心中温暖 都跟她消失去⏎今天只得一串泪水⏎说爱我百万年的她 今爱着谁⏎我虽不怪她 带走旭日⏎却一生怪她 只带走痴痴的心 剩底眼泪⏎狂呼我空虚 空虚 恨极为她心碎⏎明知结局 何必去做玩耍器具⏎狂呼我空虚 空虚 怒骂是她不对⏎强忍眼泪 从此我愿⏎独在痛苦中活下去⏎拨着大雾默默地在觅我的去路⏎但愿路上幸运遇着是你的脚步⏎我要再见你 只想将心声透露 爱慕⏎独自望着路上密密画满的记号⏎像是混乱又像特别为了指我路⏎到处去碰 到处去看 堕入陷阱方知太糊涂⏎真心被俘虏 仿佛遭圈套 探索这爱路⏎你那美态已叫我醉倒⏎我堕入情网 你却在网外看 始终不释放⏎你笑笑看看我 像是望着猎物 我心已伤⏎我堕入情网 你却在网外看 始终不释放⏎恨 爱 心中激荡⏎这陷阱 这陷阱 这陷阱 偏我遇上","语料库",""
"将军令","","吴克群","我知道对有什么不对⏎我知道将军说的话不一定对⏎我知道对或错我自己能分辨⏎请你安静点 请你安静点⏎我知道对有什么不对⏎我知道外国的月亮没比较圆⏎我知道 yo yo yo⏎不是我的语言⏎请你安静点 请你安静点⏎我是个小兵我绷紧了神经⏎在战场上拼命听谁在发号施令⏎将军在微醺他方向分不清⏎西方人念经他全都听⏎不同的肤色说不同的话语⏎相同的节奏有不同的旋律⏎自己的文化要自己来说明⏎自己的舞台有我们自己顶⏎我知道对有什么不对⏎我知道将军说的话不一定对⏎我知道对或错我自己能分辨⏎请你安静点 请你安静点⏎我知道对有什么不对⏎我知道外国的月亮没比较圆⏎我知道 yo yo yo⏎不是我的语言⏎请你安静点 请你安静点⏎将军追流行他全身都Bling Bling⏎学西方人念经忘了自己先生贵姓⏎他满口 check out⏎想叫他 get out⏎我是个小兵却乐天知命⏎在你的世界学你说ABCD⏎在我的土地对不起请说华语⏎我知道对有什么不对⏎我知道将军说的话不一定对⏎我知道对或错我自己能分辨⏎请你安静点 请你安静点⏎我知道对有什么不对⏎我知道外国的月亮没比较圆⏎我知道 yo yo yo⏎不是我的语言⏎请你安静点 请你安静点⏎我知道对 我们有种⏎我知道对 我们敢冲⏎我知道对 骄傲的龙⏎我知道对有什么不对⏎我知道将军说的话不一定对⏎我知道对或错我自己能分辨⏎请你安静点 请你安静点⏎我知道对有什么不对⏎我知道外国的月亮没比较圆⏎我知道 yo yo yo⏎不是我的语言⏎请你安静点 请你安静点","语料库",""
"让我rap","","张震岳","你根本没实力还要出来当歌星⏎反正只要行销宣传随便卖也是白金⏎现场我咧这样也可以我实在是看不下去⏎你以为咿咿阿阿咿咿就是R&B⏎原本小人物的爱情被你们搞的好煽情⏎接受媒体采访时笑的虚情假意⏎盼哼 fuck that !! 这年头⏎只要脸蛋好看就可以当歌星⏎你会不会唱歌根本没有关系⏎我们会用万能的钱来打造你⏎宣传费用随便一砸就是千万新台币⏎究竟台湾的音乐出了什么问题⏎所谓多元化市场不过是商业化经营⏎你领个金曲奖又代表你是老几⏎要我听你的音乐我不如来听佛经⏎这样没内容的歌也能当做主打⏎这个水准要比20年前来的更差⏎还说潮流音乐已经开始国际化⏎让我们睁大只眼看乐坛闷死吧⏎徐怀钰 fuck 蔡依林 suck⏎这样的音乐muthafuckin' bullshit⏎以你这样的形象你还能再红几年⏎金光党做这种音乐 在骗钱⏎就让我来rap 揭开你的疮疤⏎就让我来rap 你把听众当白痴啊⏎就让我来rap 哈哈有钱吊就大⏎就让我来rap 来看乐坛闷死吧⏎就让我来rap 揭开你的疮疤⏎就让我来rap 你把听众当白痴啊⏎就让我来rap 哈哈有钱吊就大⏎就让我来rap 来看乐坛闷死吧⏎新人一个两个三个四个个个拼成绩⏎但是唱出来的歌 却都千篇一律⏎怎么唱来唱去也唱不出什么东西⏎我听不到 来自周围真实的声音⏎为了打歌亮相还要牺牲自我⏎任人作弄又痴又跪又哭 像个小丑⏎任人摆布 像是被操纵的木偶⏎你没有感觉吗还是你说不出口⏎这个游戏就留给你自己去玩⏎这个乐坛砸钱就好比 扔鸡蛋⏎我不爽 台湾乐坛只有一个字 烂⏎这就是 为什么我拿着麦克风⏎站在这个舞台⏎一只疯狗现在也要出唱片⏎你要被我电还怕没有时间⏎Hip-Hop就是我的刀⏎饶舌就是我的剑⏎我顶着underground的一股力量到处撒野⏎既然芭乐的数量无法适可而止⏎麦克风就是我的水果刀⏎我铲除芭乐种子⏎如果你也是Hiphop的一份子⏎让我看你举起右手比出中指⏎就让我来rap 揭开你的疮疤⏎就让我来rap 你把听众当白痴啊⏎就让我来rap 哈哈有钱吊就大⏎就让我来rap 来看乐坛闷死吧⏎就让我来rap 带领你作战⏎就让我来rap 歌词就是原子弹⏎就让我来rap 你敢不敢来玩⏎就让我来rap 自己回家想想看⏎到处有媒体记者穷追不舍拿着摄影机⏎他们啥也不干尽问一些鸟问题⏎挖人隐私发现秘密这是他们最高兴⏎再把责任推给为满足大众的偷窥欲⏎简直狗屁 这是什么道理⏎根本不负责任 到底谁该反省⏎你又有批判又有原则又有个性⏎但是媒体一声命令随时就能封杀你⏎没事小题大作就是现代的新闻局⏎一堆无能的官员他们智商又低⏎满街盗版cd 啊 没有关系啦⏎多唱两句干您老师这首歌 禁⏎我都不知道你这样做是为了什么⏎你说 为了维护社会善良的风气⏎muthafuck 好伟大的使命⏎但是我MC HotDog根本懒得吊你⏎就让我来rap 揭开你的疮疤⏎就让我来rap 你把听众当白痴啊⏎就让我来rap 哈哈有钱吊就大⏎就让我来rap 来看乐坛闷死吧⏎就让我来rap 揭开你的疮疤⏎就让我来rap 你把听众当白痴啊⏎就让我来rap 哈哈有钱吊就大⏎就让我来rap 来看乐坛闷死吧","语料库",""
"加油！","","林俊杰","最近你好吗 少了一点微笑⏎说的话有点少⏎最近我也不好 全世界都在逆转⏎人开始反向思考⏎发现你爱的人 到处跑⏎昨晚刚升职 今天被炒⏎莫名其妙 谁会知道⏎是不是上天开的玩笑⏎地震时 你想和谁拥抱⏎什么是生命中的美好⏎轻易放掉 却不知道⏎幸福就在下一个转角⏎说一声加油 一切更美好⏎所有的悲伤 请往边靠⏎曾经流过的泪⏎湿了伤口 就让阳光晒干而褪⏎这一种加油 人人都需要⏎手牵手 我们一起赛跑⏎说好不见不散⏎每分每秒守候你到老⏎The beat goes on 时间它一直走⏎就像是Life goes on 这过程或许痛⏎不管顺流或逆流 你总得抬起头⏎让我们一起走 走过艰难和困惑⏎发现你爱的人 到处跑⏎昨晚刚升职 今天被炒⏎莫名其妙 谁会知道⏎是不是上天开的玩笑⏎地震时 你想和谁拥抱⏎什么是生命中的美好⏎轻易放掉 却不知道⏎幸福就在下一个转角⏎说一声加油 一切更美好⏎所有的悲伤 请往边靠⏎曾经流过的泪⏎湿了伤口 就让阳光晒干而褪⏎这一种加油 人人都需要⏎手牵手 我们一起赛跑⏎说好不见不散⏎每分每秒守候你到老⏎关关是难关 但我们关关过⏎雨后天晴的阳光 在天空闪闪烁⏎出现了彩虹 忽然间我们才懂⏎如果这是一场马拉松 那我们一起加油⏎说一声加油 一切更美好⏎所有的悲伤 请往边靠⏎曾经流过的泪⏎湿了伤口 就让阳光晒干而褪⏎这一种加油 人人都需要⏎手牵手 我们一起赛跑⏎说好不见不散⏎每分每秒守候你到老","语料库",""
"听不懂没关系_(live)_-_live","","林俊杰","唱什么你若听不懂⏎无所谓只要放轻松⏎对音乐也许不认同⏎爷爷也乐在其中⏎电钢琴对我很服从⏎手指头弹的很从容⏎我唤醒它在你耳边跳动⏎弹着琴想着心事⏎一幕幕画面流逝⏎她的细致柔软的双手⏎像一篇童话诗⏎她用知音的方式⏎看我弹琴的样子⏎从此以后我的脑海⏎就只有一个名字⏎唱什么不一定要懂⏎做音乐我让心放纵⏎也许你听的很激动⏎耶......也别太激动⏎森林中吹起海洋风⏎星空下做着白日梦⏎我随心所欲让音乐带动⏎看 很多人常常这样唱歌⏎这就是我们所谓的饶舌⏎一下往那嘻一下往这哈⏎这样魔术般的唇型⏎妈妈觉得不可思议⏎这一种唱歌的方式⏎像抛ROTI PRATA的样子⏎一听到音乐节奏就不停地展示⏎妈妈你听不懂(没关系啦)⏎我有另一种旋律带给听众⏎完全不同的感动⏎弹着琴想着心事⏎一幕幕画面流逝⏎她的细致柔软的手⏎像一篇童话诗⏎她用知音的方式⏎看我弹琴的样子⏎从此以后 我的脑海⏎就只有一个 你的名字⏎看 很多人常常这样唱歌⏎这就是我们所谓的饶舌⏎一下往那嘻一下往这哈⏎这样魔术般的唇型⏎妈妈觉得不可思议⏎这一种唱歌的方式⏎像抛ROTI PRATA的样子⏎一听到音乐节奏就不停地展示⏎妈妈你听不懂(没关系啦)⏎我有另一种旋律带给听众⏎完全不同的感动","语料库",""
"诗人的情人","","方大同","缠绵是首诗⏎很容易迷失⏎北岛的朦胧不减李商隐的精致⏎感情是首诗⏎要懂爱才能知⏎我希望像李宗盛一针挑中你心事⏎别像宋代李清照凄凄惨惨戚戚⏎我愿为你背诵⏎每一首情诗⏎我愿意做你的老师⏎示范着执子之手如何解释⏎不愿为深奥的感情 变白痴⏎我俩的情事⏎是一首情诗⏎要像徐志摩那么痴⏎要像对押韵的坚持⏎要成为文学的历史⏎让我们要多美丽有多美丽⏎很少人看诗⏎很少人得知⏎拥抱时怎创作接近诗意的手势⏎很少人懂诗⏎很少人情痴⏎莎士比亚的十四行诗快没人认识⏎可我对你吟颂亦不如烟的往事⏎我愿为你背诵⏎每一首情诗⏎我愿意做你的老师⏎示范着执子之手如何解释⏎不愿为深奥的感情 变白痴⏎我俩的情事⏎是一首情诗⏎要像徐志摩那么痴⏎要像对押韵的坚持⏎要成为文学的历史⏎要这段情感动他人名噪一时⏎让这一首解构拥抱的诗⏎感染这误解爱情的城市⏎多少艰涩的美感快消失⏎可我们是少数的奢侈⏎我送你情诗就靠着⏎灵犀一指⏎走遍世界也能步步成诗⏎给写成故事⏎我愿为你背诵⏎每一首情诗⏎我愿意做你的老师⏎示范着执子之手如何解释⏎不愿为深奥的感情 变白痴⏎我俩的情事⏎是一首情诗⏎要像徐志摩那么痴⏎要像对押韵的坚持⏎要载入文学的历史⏎闺房的文字只为多情传世","语料库",""
"bao_cho_rap_yao","","欧阳靖","喂，欧阳靖。⏎点解你滴都唔系唱hiphot噶⏎点解无粗口（嘟）⏎唔系……（嘟）路噶……⏎我滴歌词无粗口⏎我唔系爆粗rap友⏎老人家，小朋友都可以一齐享受⏎唔系想扮有文化⏎有时我都会讲下⏎乜乜乜交叉交叉乜乜乜交叉交叉⏎但系依家需要控制下自己把口⏎你知我 rap乜野话题都得 我唔怕丑⏎anyways 我自己知我自己噶事⏎好难话完全唔讲 但系尽量讲少滴⏎边个边个边个知 唔系剩系我留意⏎好多人 讲讲下野都会加多一个字⏎唔小心倒泄 就会变左倒len泄（嘟）⏎做乜野就会变左做乜len野（嘟）⏎讲左等于无讲 其实真系好嘥⏎……（嘟）⏎全部唔出得街","语料库",""
"有限公司","","欧阳靖","我知（我知） 你知（你知） 佢知（佢知）⏎我知（我知） 你知（你知） 佢知（佢知）⏎我KT份人都比较诚实⏎有时唔得都会话得⏎就好似rap呢家野经验未够⏎但系都可以呃下亲戚朋友⏎间中都会玩下押韵⏎就越黎越近⏎有时又懒系识英文⏎无端端爆左句 Lady and gentleman⏎横掂都讲就唔好停⏎追过几条女就当自己情圣⏎打篮球我都算几劲⏎操多三尺可以做埋姚明⏎讲厨艺我都算几精⏎最拿手戈味⏎系出前一丁（好味）⏎你地咁多位有边个知⏎我知（我知） 你知（你知） 佢知（佢知）⏎我知（我知） 你知（你知） 佢知（佢知）⏎大家都知⏎恭喜晒 开左间有限公司⏎恭喜晒 开左间有限公司⏎check！ check！⏎做我有时真系好烦 （点解？）⏎我啲广东话 真系有限⏎好彩识左班新朋友⏎佢地教我唔系流轮系轮友 （啊）⏎不如唔好正系讲自己⏎等我转下话题⏎讲下人地（边个啊）⏎我识条友叫 蛇仔明⏎成日话自己 有几劲⏎又话娱乐圈啲人同佢几好⏎我问佢识边个佢一个名都up唔到（啊 啊）⏎点解有啲人有呢个嗜好（点解）⏎明知唔识都扮晒好pro⏎根本唔知发生乜野事（what happen)⏎知戈一半又扮晒乜野都知⏎你都可以开间有限公司⏎呢度咁多位有边个知 （hey）⏎我知（我知） 你知（你知） 佢知（佢知）⏎大家都知⏎恭喜晒 开左间有限公司⏎恭喜晒 开左间有限公司⏎我知（我知） 你知（你知） 佢知（佢知）⏎大家都知⏎恭喜晒 开左间有限公司⏎恭喜晒 开左间有限公司⏎有咁乔得咁乔 有咁乔得咁乔⏎我识小小（我又识小小）⏎我地不如一齐扮代表⏎有咁乔得咁乔 有咁乔得咁乔⏎我识小小（我又识小小）⏎我地不如一齐扮代表","语料库",""
"再别康桥","","S.H.E","马蹄踏过石板街道⏎窄巷深处有人祷告⏎雨后水洼教堂倾倒⏎意识流的四十度角⏎图书馆前站着半座石雕⏎六个便士带走一副素描⏎壁炉终日孤独吐着火苗⏎煤油灯下岁月不被惊扰⏎你在剑桥一身寂寞⏎穿黑色学袍⏎你用诗句歌唱爱情⏎押美丽韵脚⏎一船星辉见证那个⏎古典的拥抱⏎那片水草还在怀念⏎你撑的长蒿⏎你在剑桥半生寂寞⏎穿中国长袍⏎你用诗句告别爱情⏎押绝望韵脚⏎谁的衣袖带走那片⏎云彩的来到⏎离别笙萧那样沉默⏎像一种凭吊⏎红砖墙壁紫藤缠绕⏎垂柳摇醒两岸拂晓⏎怀旧风琴失传民谣⏎中世纪就开始苍老⏎广场鸽子仰望天空思考⏎歌特尖塔勾勒末世线条⏎故事流过落日的叹息桥⏎诗人的爱还在唱咏叹调⏎你在剑桥一身寂寞⏎穿黑色学袍⏎你用诗句歌唱爱情⏎押美丽韵脚⏎一船星辉见证那个⏎古典的拥抱⏎那片水草还在怀念⏎你撑的长蒿⏎你在剑桥半生寂寞⏎穿中国长袍⏎你用诗句告别爱情⏎押绝望韵脚⏎谁的衣袖带走那片⏎云彩的来到⏎离别笙萧那样沉默⏎像一种凭吊⏎你在剑桥一身寂寞⏎穿黑色学袍⏎你用诗句歌唱爱情⏎押美丽韵脚⏎一船星辉见证那个⏎古典的拥抱⏎那片水草还在怀念⏎你撑的长蒿⏎你在剑桥半生寂寞⏎穿中国长袍⏎你用诗句告别爱情⏎押绝望韵脚⏎谁的衣袖带走那片⏎云彩的来到⏎离别笙萧那样沉默⏎像一种凭吊","语料库",""
"机械之心","","Days","西国の海妖⏎完蛋王国的国王⏎夜 弥散欢悦的气氛⏎融化每一个人⏎掩盖着 不断磨损的心声⏎灯 窥探黑夜的纷纶⏎妒忌那片星辰⏎将悲伤催生⏎铜铁铸成的身躯⏎耗尽浑浊的动力⏎将笑容 和平静 都卸去⏎无力抵御 无法抚平⏎心口的跳动与颤悸⏎缓慢轴转的星斗⏎能让彷徨无法困禁⏎流动冲撞的耳语⏎灌满空洞的躯体⏎从未知晓的痛觉⏎空 虚幻交织着浑沌⏎光芒无法延伸⏎围绕着 不变的静谧沉闷⏎谁 呼唤沉眠的灵魂⏎用冰冷的体温⏎填补着裂痕⏎无人察觉的呢语⏎将纷扰拆解离析⏎让绝望 和寥寂 都流尽⏎无声无息 刺破障壁⏎萦绕在星空的悲鸣⏎去传递不愿唤起⏎也无法改变的记忆⏎孤单寂寞的角落⏎蓝色的光芒四溢⏎冻结已久的躯体⏎逐渐苏醒⏎忽明忽灭的冷光悄悄渗透闭紧的眼底⏎无数颗齿轮带动的心都寄放在一起⏎流动温柔的耳语 灌入冰冷的躯体⏎“就将我们的面孔一一铭记”⏎(the)soul is a-waken-ing⏎(the)heart is beat-ing","语料库",""
"馀音","","Days","昏黄的旧油灯⏎仿佛在窗台之前的一轮⏎梦到那场清晨⏎转过了身⏎也甘心寂寞不过问⏎挥别绚烂青春⏎是谁冷淡了岁月的馀温⏎铺了尘⏎轻轻地关上门⏎遗留在记忆里延伸⏎翻开了旧日的书稿⏎记下了成长的几个记号⏎风吹响了雨的号角⏎缭乱我泛黄的发梢⏎今宵别了那一座康桥⏎带不走衣袖间的情调⏎恍然迷梦成谶 凄色萦绕⏎道不尽千言万语萧瑟味道⏎揉碎了浮躁间的狂潮⏎沉淀着离别时的笙箫⏎悄然画上句号⏎回首留声依旧湿了眼角⏎用悲与欢刻下一句歌谣⏎钟楼回荡歌声⏎梦醒时分⏎晨光中斑驳着怡人的气氛⏎寻梦者撑一只长蒿⏎摇晃着满载的星辉闪耀⏎是谁用沉默来凭吊⏎遗落在诗外的韵脚⏎时光荏苒那一刹⏎牵挂 失落在天涯⏎多少的无暇 葬送的年华⏎是谁 在夜里 独自神伤","语料库",""
"我歌 - heyo feat sammy","","Kolor","如果 写好一首歌⏎首先系要去 对你自己坦白⏎咁我写得呢首歌⏎最好养到家 有钱我边怕赚⏎听过太多嘅啰嗦⏎吹嘘嘅居多⏎所以我够胆话⏎我有我 慢工出细货⏎点都好过我 空口说白话⏎我记得 我有我一套脚步 一套嘅步履⏎我记得 我懒理泄过气⏎与我招惹过嘅妒忌⏎我记得 咪再去理⏎呀边个讲过 嘅道理⏎我得 嘅一刻 理得你嗑乜 都得⏎就本住个信念⏎决定要兑现 所以至继续写⏎我描述岁月嘅句子⏎放喺歌里面 回馈我嘅读者⏎然后我逐步演变⏎直至到目前 我知喺度做咩⏎我记录紧 嘅精神⏎青春 不老 同沿路风高路斜⏎当你听到嘅太多 往往系官腔⏎就当你回望 嘅一瞬间 处身高空俯看⏎又有几多人在意 你留低过嘅孤芳⏎就喺绽放嘅花海后⏎蕴藏住 枯干嘅花朵⏎待放的胚胎⏎谁能解释那么多⏎为何修饰着笑窝⏎有否记住最初⏎是我⏎前尘堆积了太多⏎尚在推因没结果⏎对焦虑是我所⏎寄望⏎其实要写俾边个听⏎当初系写咗我哋嘅经过⏎再send俾几个friend⏎当佢哋听咗share咗几次 都个个都知⏎我嘅本事 系用押韵去记故事⏎我只系运用紧我天赋⏎去记录呢代嘅852⏎记录住 值得鑚研 嘅古语言⏎用切身嘅观点 去写预言⏎用咗几多嘅日月年 就当锻炼⏎点会有怨言⏎我有我嘅主见 但系免不了会肤浅⏎天生我材要点换钱⏎系咪免不了会受污染⏎既然有呢一份嘅野心⏎又点会谂过去锡身⏎就俾我 用我嘅声音⏎去延伸 我哋民族嘅根⏎我唔止太夜瞓⏎我连发梦都会rap紧⏎再写低闪过嘅每只韵⏎等你哋家阵都仲嗒紧⏎未知道 系当日种下过嘅花 会落谁家⏎或者当 花华远去 有跨时空嘅对话⏎我唔知道一个白痴点解 恋上花⏎或者好似我呢个执着嘅 说唱家⏎谁能解释那么多⏎为何修饰着笑窝⏎有否记住最初⏎是我⏎前尘堆积了太多⏎尚在推因没结果⏎对焦虑是我所⏎寄望⏎谁能解释那么多⏎为何修饰着笑窝⏎有否记住最初⏎是我⏎前尘堆积了太多⏎尚在推因没结果⏎我生要是去写⏎我歌","语料库",""
"六神合体","","C_AllStar","音符在大脑 横越国界 横越这⏎海滩的沿路热舞 閒逸世态⏎森巴制造 忘却 烦嚣 尘土⏎不感慨 没控诉 无谓探讨⏎遗失的 一切 快乐填补⏎回望 昨日在路边天真的脸⏎梦与幻想一直没破损⏎此际所有约誓已经抛弃⏎困在这生态圈 Woo⏎这刻 在望着路灯照亮麦田⏎乐与怒火熄灭太心酸⏎艰苦讨生计⏎把青春耗尽再不眷恋 Woo⏎情和欲若然在当刻结合⏎一曲撮合了虚和实⏎此际 灵魂像突然被悉穿秘密⏎洩漏了骚软的一吻⏎感性巧遇性感⏎喘气 心跳 身抖震⏎情和欲若然在当刻结合⏎带动这骚气氛⏎不爱晨早爱夜晚烟圈里看琴谱⏎其实没有乐谱手指交替即兴舞动⏎不爱定稿爱离谱就让酒杯中冰块⏎分解爵士曲中暗号方好接待那明 早⏎唔驶七步可以成诗⏎讲写词 我讲兴致⏎有时讲正义 有时讲政治⏎Rap本身唔应该有定义⏎Hip Hop 唔系咁高深⏎讲押韵更加唔可以拘谨⏎宗旨要揸紧肤色无区分⏎即席押韵出口成文⏎rapper 系新世代诗人⏎扬琴琵琶二胡三剑侠⏎古筝与洞箫两妃嫔⏎临湖楼台近水的配合⏎发鬓跟柳影轻吻⏎流行乐突然被诗经切入⏎今古爱恨也相提及⏎黄梅共蓝调跨境结合⏎隔世相 奔⏎经过 这千百载⏎观赏五线跳跃豆豉好比心跳和脉搏⏎苍天 和深海 曲谱给我记载⏎夜深 星闪照 盘旋等待⏎犹如六神自主心性内⏎我是我主宰 结合我体内⏎明暸六神合体的秘密⏎曲风与乐韵相融合⏎此际 犹如六神在装组嵌入⏎照亮到星殒","语料库",""
"小碎步","","钟舒漫","叫我哪里要跳⏎叫我到哪里要转身⏎叫我对哪个飞吻⏎叫我到了哪里要着短裙⏎说我哪里有错⏎说我说哪句会扣分⏎说我哪里太黑暗⏎说我唱唱唱到这里仍然未得⏎其实根本不须再扮乖⏎飘忽的钟意猜⏎摆个姿态 baby byebye⏎怪势力严刑侍候⏎处处挑剔我有我慨 high⏎碎步 不理他也好 感觉比较好⏎碎步 跳我的舞 下台阶 不知道⏎碎步 一个人最好 感觉如此好⏎用我节奏做 beat 带着我灵魂踏碎步⏎叫我哪里要企⏎叫我到哪里要诈死⏎叫我瘦脚瘦手臂⏎叫我哪个派对要揾 friend 嚟⏎笑我抗拒放弃⏎笑我放到这里有对比⏎听清楚一次过⏎我未变变变过才能成为自己⏎摆个姿态⏎其实根本不须再扮乖⏎摆个姿态⏎飘忽的钟意猜⏎摆个姿态 baby byebye⏎圣网络茶馀饭后⏎处处挑剔我有我慨 high⏎碎步 不理他也好⏎感觉比较好⏎碎步 跳我的舞⏎下台阶 不知道⏎碎步 一个人最好⏎感觉如此好⏎就算节奏乱了⏎告别世界噪音污染⏎碎步 不理他也好⏎感觉比较好⏎碎步 跳我的舞⏎下台阶 不知道⏎碎步 一个人最好⏎感觉如此好⏎用我节奏做 beat⏎带着我灵魂踏碎步⏎碎步 不理他也好⏎感觉比较好⏎碎步 跳我的舞⏎下台阶 不知道⏎碎步 一个人最好⏎感觉如此好⏎就算节奏乱了⏎告别世界噪音污染⏎碎步 不理他也好⏎感觉比较好⏎碎步 跳我的舞⏎下台阶 不知道⏎碎步 关闭他最好⏎感觉如此好⏎用我节奏做 beat⏎带着我灵魂踏碎步","语料库",""
"身在梁山","","周华健","年少悲欢 想来是胡涂⏎深情算我辜负⏎一肩零雨 挑得万里路⏎何必多问沉浮⏎烟云外 彷佛是前途⏎忽醒忽梦谁清楚⏎波涛里 剩几根筋骨⏎时起时落不辛苦⏎嘿哟嘿哟嘿 嘿哟嘿哟嘿⏎毋须说 别回顾 谁教风尘误⏎嘿哟嘿哟嘿 嘿哟嘿哟嘿⏎踏破冰冷天地天地寂寞寂寞一醉⏎一醉是劫数⏎身在梁山 心在何处⏎曾经跌倒 还记得不⏎天涯归来 生死几度⏎得失泡沫 功名尘土⏎替天行道 天道有无⏎多少年华 尽付江湖⏎身在梁山 心在何处⏎曾经跌倒 还记得不⏎天涯归来 生死几度⏎得失泡沫 功名尘土⏎替天行道 天道有无⏎多少年华 尽付江湖⏎嘿哟嘿哟嘿 嘿哟嘿哟嘿⏎毋须说 别回顾 谁教风尘误⏎嘿哟嘿哟嘿 嘿哟嘿哟嘿⏎踏破冰冷天地天地寂寞寂寞一醉⏎一醉是劫数⏎身在梁山 心在何处⏎曾经跌倒 还记得不⏎天涯归来 生死几度⏎得失泡沫 功名尘土⏎替天行道 天道有无⏎多少年华 尽付江湖⏎身在梁山 心在何处⏎曾经跌倒 还记得不⏎天涯归来 生死几度⏎得失泡沫 功名尘土⏎替天行道 天道有无⏎多少年华 尽付江湖⏎多少年华 尽付江湖","语料库",""
"淘汰(live)_-_live","","张智霖","2011我系外星人多谢⏎我说了 所有的谎 你全都相信⏎简单的 我爱你 你却老不信⏎你书里的剧情 我不想上演⏎因为我喜欢 喜剧收尾⏎我试过 完美放弃 的确很踏实⏎醒来了 梦散了 你我都走散了⏎情歌歌词何必押韵⏎就算我是K歌之王⏎也不见得把 爱情唱得完美⏎只能说我输了⏎也许是你怕了⏎我们的回忆 没有皱褶⏎你却用离开烫下句点⏎只能说我认了⏎你的不安赢得你信任⏎我却得到你 安慰的淘汰⏎我试过 完美放弃 的确很踏实⏎醒来了 梦散了 你我都走散了⏎情歌歌词何必押韵⏎就算我是K歌之王⏎也不见得把 爱情唱得完美⏎只能说我输了⏎也许是你怕了⏎我们的回忆 没有皱褶⏎你却用离开烫下句点⏎只能说我认了⏎你的不安赢得你信任⏎我却得到你 安慰的淘汰⏎只能说我输了⏎也许是你怕了⏎我们的回忆 没有皱褶⏎你却用离开烫下句点⏎只能说我认了⏎你的不安赢得你信任⏎我却得到你 安慰的淘汰⏎跟住落来唱哩一支歌⏎我只想对 哩位原唱者讲一句说话⏎I MISS YOU MUCH","语料库",""
"中国有嘻哈","","萌萌哒天团","启明的星光⏎让我在拼搏中紧握方向⏎谱写华夏美丽乐章⏎亘古的光芒⏎让我前行中照亮⏎抒发这萌动的力量⏎你是大树保护小草免风雨摧残⏎魅力人称羡⏎你是天使装载同胞的伟大梦想⏎插上那翅膀任翱翔⏎少林舞动干坤武当⏎中国的嘻哈来捧场⏎东方大地绚丽绽放⏎我们的嘻哈更茁壮⏎祖国大地四季飘香⏎我们的嘻哈冠辉煌⏎以柔克刚太极敬仰⏎华夏传说乐句婉唱⏎启明的星光⏎让我在拼搏中紧握方向⏎谱写华夏美丽乐章⏎亘古的光芒⏎让我前行中照亮⏎抒发这萌动的力量⏎你是惊雷排山倒海来唤醒春天⏎巨龙满东方⏎你是玉兰纯洁高雅去轻佻不庄⏎流淌的热情五千年⏎少林舞动干坤武当⏎中国的嘻哈来捧场⏎东方大地绚丽绽放⏎我们的嘻哈更茁壮⏎祖国大地四季飘香⏎我们的嘻哈冠辉煌⏎以柔克刚太极敬仰⏎华夏传说乐句婉唱⏎你是大树保护小草免风雨摧残⏎魅力人称羡⏎你是天使装载同胞的伟大梦想⏎插上那翅膀任翱翔⏎少林舞动干坤武当⏎中国的嘻哈来捧场⏎东方大地绚丽绽放⏎我们的嘻哈更茁壮⏎祖国大地四季飘香⏎我们的嘻哈冠辉煌⏎以柔克刚太极敬仰⏎华夏传说乐句婉唱","语料库",""
"交响梦","","苏打绿","午后时分睡得很沉⏎嘈杂鸟儿也全都充耳不闻⏎行板如歌歌里在等⏎等你来和和一篇雨季解渴⏎雷声铺陈嘹亮地哼⏎大地与河万物屏息这一刻⏎蛰睡了一世纪的下午被你惊醒⏎迷雾从身后穿起扣成水滴⏎透明的伤口漂亮的残忍藏到土壤里⏎雨的铿锵临盆比梦的合奏还静⏎阡陌牧车因你饶舌⏎雷声如灯敲开了一年兴奋⏎急板成歌歌落成河⏎河在狂奔奔击了干涸混沌⏎蛰睡了一世纪的下午被你惊醒⏎迷雾从身后穿起扣成水滴⏎透明的伤口漂亮的残忍藏到土壤里⏎雨的铿锵临盆比梦的合奏还静⏎埋伏了一整季的思念被你剥离⏎棉絮爬上了头发换算年龄⏎气候的成长季风的回忆收进课本里⏎我自己来缝补我自己⏎修剪自己迎接你淋湿我风干的心⏎雨停时分洗澈烟尘⏎新的花梗正期待炫耀颜色⏎黄昏人们敞开了家里大门⏎宁静很深世界迎接你这一刻生命来了","语料库",""
"空气中的视听与幻觉_(moov_live_2013)","","苏打绿","大约凌晨三点半醒过来⏎莫名其妙喝了一杯苏打⏎厌世气泡嗝出了一片绿林⏎又或许我们两个人的蝴蝶⏎带着飞鸟忘神地跳芭蕾⏎就这样沉淀在咖啡杯⏎从天空 到人间 这画面⏎算是享受还是折腾⏎昏眩 疯癫 Yeah⏎幻象冲击如潮⏎找一个往蓝天的入口⏎逃出了广大的深水漩涡⏎需要捉一些天使守护梦⏎不会有尽头⏎和影子牵起手练习跳舞⏎海洋中再也没有一条鱼⏎彗星在纤细的黑夜画布⏎刻下了伤痕⏎月亮也无法 决定自己的光芒⏎伟人都迷惘 然后说就这样吧⏎然后让然后变成永远⏎从这个房间晃到那个房间⏎和陌生月亮悄悄说说谎言⏎远离这个世界所有人类热情⏎未免太安静⏎从这个睡意跳到那个睡意⏎蓝色天地下的心都唉声叹气⏎放下一艘小船寻找韵脚⏎被沉默扑倒⏎从天空 到人间 这画面⏎算是享受还是折腾⏎昏眩 疯癫 Yeah⏎找一个往蓝天的入口⏎逃出了广大的深水漩涡⏎需要捉一些天使守护梦⏎不会有尽头⏎和影子牵起手练习跳舞⏎海洋中再也没有一条鱼⏎彗星在纤细的黑夜画布⏎刻下了伤痕⏎找一个往蓝天的入口⏎逃出了广大的深水漩涡⏎需要捉一些天使守护梦⏎不会有尽头⏎和影子牵起手练习跳舞⏎海洋中再也没有一条鱼⏎彗星在纤细的黑夜画布⏎刻下了伤痕⏎月亮也无法 决定自己的光芒⏎伟人都迷惘 然后就这样吧⏎然后让然后变成永远⏎Yeah⏎让然后变成永远⏎Yeah","语料库",""
"如果还有","","柯有伦","如果还有明天⏎你想怎样装扮你的脸⏎如果没有明天⏎要怎么说再见 再见⏎到底谁让我们这样燃烧青春⏎无数黑夜里⏎独自一个人在恶梦里狂奔⏎爸爸说在无情世界 最好保持天真⏎就因为太多现实和太多谎言战争⏎才会把我们的生命⏎全部全部亮起红灯⏎心中的痛苦从来不曾说出口⏎看着眼中的泪水 向往事挥挥手⏎不再相信什么狗屁一世一生⏎如果能拥有每一个明天⏎我会告诉自己我还不够认真⏎是否要抛开这一切的馀温⏎等到一无所有才开始奋不顾身⏎这条路上不知道要留下多少伤口⏎我不会再回头 任命运伤害我⏎阳光重新照亮 让希望带着我走⏎如果还有明天⏎你想怎样装扮你的脸⏎如果没有明天⏎要怎么说再见⏎如果还有明天⏎你想怎样装扮你的脸⏎如果没有明天⏎要怎么说再见 再见⏎这场游戏 我犹豫⏎不自觉囚禁了我的嘴角⏎微笑像肥料般的维妙维肖⏎当那诺言又跳票 会变成谁的笑料⏎是什么样的仙丹妙药⏎让未来如此渺小⏎你是否曾经放肆追逐所谓的梦⏎是否曾经那肩上的担子变所谓的痛⏎我才不稀罕被歌颂 当初衷被策动⏎宁愿让梦想变恶梦也不对现实折衷⏎关掉 如果可以⏎人生更轻松 是吧⏎我翻到 日记第一张 上画的翅膀⏎战场上的枪膛倒了应该换谁站岗⏎暗访的诡计谁上当了谁又应该暗爽⏎那就任凭他们摆布吧当做没有明天⏎我说咬紧牙关撑下去吧⏎反正还有明天⏎如果还有明天⏎我对我的成就惭愧⏎如果没有明天⏎我不对任何人忏悔⏎如果还有明天⏎你想怎样装扮你的脸⏎如果没有明天⏎要怎么说再见⏎如果还有明天⏎你想怎样装扮你的脸⏎如果没有明天⏎要怎么说再见 再见⏎1990的秋天演完最后一场⏎生老病死的对话 送来新的希望⏎下雨了下雨了那是你的眼泪吗⏎将我淋湿可以吗⏎让我感受你的痛啊⏎笑我吧 不分黑夜是否太傻⏎笑我吧 走在边缘只剩挣扎⏎笑我吧 哈哈哈哈哈哈⏎如果还有明天","语料库",""
"懒音哥canton_battle_remix_-_remix","","梁汉文","沟通机能 全面退化⏎别人笑我 贯籍尼加拉瓜⏎话说广东话超人全部爆炸⏎命朋友替我 入报发音班⏎音准与咬字逐句 逐句再锻链⏎锻链为了某日入伍 粤语扞卫战⏎从头让我受教导 但怕若努力过度⏎在半路流落印度 话要食个食个咖哩「国」⏎一蚊鸡 三斤龟 边个贵⏎马虎可能 遗害百世⏎问题我韵母 未能分高低⏎为了广东话安危 防围设计⏎实行母语制 重要教乖仔⏎音准与咬字绝对 绝对要训练⏎训练为了某日入伍 粤语扞卫战⏎由头让你受教导 定要让老豆仰慕⏎别教坏邻座细路 话坐地铁地铁去「不割」⏎紧急中 应该拣 边个掣 时时揿错⏎咁样样 不等于 低智慧⏎到我去考你 你试试 唱唱这首歌⏎点解点解 我要去 要向你讲清楚⏎「典解」的典故⏎一蚊鸡 三斤龟 边个贵⏎从来自细 悭得悭 龟跟鬼 边去计⏎胡言乱语讲足一世 来委屈各位⏎想开口 都等等 都计计⏎为何做到 咁样样 咁样样边个制⏎到我去考你 你试试 唱唱这首歌⏎咁样咁样 你会你会你会 好清楚⏎「典解」的典故","语料库",""
"短信和闹铃03","","音频怪物","最后的微笑，如刀锋划过喧嚣⏎是天地失色的骄傲⏎刹那嗅到，囊中粉末辛香缭绕⏎像种冷冽刺骨的毒药⏎听说若白虹凌驾日月⏎万顷天光将须臾被遮减⏎那一瞬，请面对，满座衣冠片刻假寐⏎织锦帷，无风正低垂⏎玉墀阶，九重阙，千盏烛灯明灭幽微⏎就静候，封喉之纯美⏎两岸风雪，飘摇成倾国舞蹈⏎将易水封凝了波涛⏎澄空欲晓，远方传来启程歌谣⏎尾音押着悠长的韵脚⏎听说若白虹凌驾日月⏎万顷天光将须臾被遮灭⏎那一瞬，请面对，满座衣冠片刻假寐⏎织锦帷，无风正低垂⏎玉墀阶，九重阙，千盏烛灯明灭幽微⏎就静候，封喉之纯美⏎传闻若白虹乍现天边⏎云影碧落将惊艳两千年⏎那一瞬，请回味，纯青细刃无瑕浸淬⏎自掌中，坠落如玉碎⏎到如今，冢上碑，白虹贯日栩栩描绘⏎竟还以“不朽”来题尾","语料库",""
"阿母的情歌","","萧煌奇","阵阵清风吹过窗仔外⏎亲像阿母彼首情歌⏎一暝大一寸⏎照顾我到这嘛⏎阿母额头的痛有几行⏎阵阵雨声嘛是一首歌⏎打湿阮的依依难舍⏎出外的人⏎穿着你买的新衫⏎离乡的梦总是袂那寒⏎你一声一声 自阮细汉念到大⏎我一句一句 拢有详细听⏎勿想欲拼别人⏎勿甲人比输赢⏎每一个人拢有一款命 ~⏎阿母讲的叮咛教示⏎一直安慰着我⏎一支草就有一点露⏎天公有块看⏎快乐的人⏎比任何人卡好额⏎富贵甲荣华⏎只是梦一般⏎阿母讲的温暖鼓励⏎一直陪伴着我⏎声声句句原来⏎就是一条歌⏎幸福做节奏⏎笑容做韵脚⏎牵成一家人⏎过着平安的生活⏎~⏎你一声一声 自阮细汉念到大⏎我一句一句 记惦阮心肝⏎爱真心对待人⏎爱比人卡打拼⏎爱将名声留乎人探听⏎阿母讲的叮咛教示⏎一直安慰着我⏎一支草就有一点露⏎天公有块看⏎快乐的人⏎比任何人卡好额⏎富贵甲荣华⏎只是梦一般⏎阿母讲的温暖鼓励⏎一直陪伴着我⏎声声句句原来⏎就是一条歌⏎幸福做节奏⏎笑容做韵脚⏎牵成一家人⏎过着平安的生活⏎阿母讲的叮咛教示⏎一直安慰着我⏎一支草就有一点露⏎天公有块看⏎快乐的人⏎比任何人卡好额⏎富贵甲荣华⏎只是梦一般⏎阿母讲的温暖鼓励⏎一直陪伴着我⏎声声句句原来⏎就是一条歌⏎幸福做节奏⏎笑容做韵脚⏎牵成一家人⏎快乐平安的~生活","语料库",""
"老朋友ii","","邰正宵","那一年离开了家园数百里路⏎我带着梦想还有 beatles⏎在三万六千公尺的高空⏎心情遇上乱流⏎还记得大二的日子有点烦恼⏎幸好遇到了知己同好⏎让guitar陪伴单纯的岁月⏎年少的rock n' roll⏎老朋友爱与愁⏎点点滴滴在心头⏎好想与你像昨日的分享⏎老朋友不回首⏎挤在一个梦里头⏎因为朋友像酒越陈越旧⏎人生越有味道⏎那一年毕业的时候代表分手⏎欢笑的日子不再停留⏎当生活越来越忙越纷乱⏎感情越来越远⏎老朋友爱与愁⏎点点滴滴在心头⏎好想与你像昨日的分享⏎老朋友不回首⏎挤在一个梦里头⏎因为朋友像酒越陈越旧⏎人生越有味道⏎有爱不老⏎有梦就好⏎友情是宝⏎为我祈祷⏎祈祷⏎这一年我们重聚在这老地方⏎多少的心事慢慢品嚐⏎喊一喊彼此从前的绰号⏎痛快地笑一笑⏎老朋友爱与愁⏎点点滴滴在心头⏎今夜与你再忘情的分享⏎直到泪流⏎老朋友不回首⏎前方的路陪我走⏎因为朋友像酒越陈越旧⏎人生越有味道","语料库",""
"淘汰","","赵学而","我说了所有的谎 你全都相信⏎简单的我爱你 你却老不信⏎你书里的剧情 我不想上演⏎因为我喜欢喜剧收尾⏎我试过完美放弃 的确很踏实⏎醒来了 梦散了 你我都走散了⏎情歌的词何必押韵 就算我是K歌之王⏎也不见得把爱情唱得完美⏎只能说我输了 也许是你怕了⏎我们的回忆没有皱折 你却用离开烫下句点⏎只能说我认了⏎你的不安得到你信任⏎我却得到你安慰的淘汰⏎我试过完美放弃⏎的确很踏实⏎醒来了 梦散了⏎你我都走散了⏎情歌的词何必押韵⏎就算我是K歌之王⏎也不见得把爱情唱得完美⏎只能说我输了⏎也许是你怕了⏎我们的回忆没有皱折⏎你却用离开烫下句点⏎只能说我认了⏎你的不安得到你信任⏎我却得到你安慰的淘汰⏎只能说我输了⏎也许是你怕了⏎我们的回忆没有皱折⏎你却用离开烫下句点⏎只能说我认了⏎你的不安得到你信任⏎我却得到你安慰的淘汰","语料库",""
"小步舞曲（instrumental）","","鞠起","趁现在就趁现在，没有多馀的对白⏎我也在刚好你也在，还有很多新鲜感⏎也许只要试试看，就可以让你都明白⏎你说呢，要不要Give it a try?⏎有点坏你有点坏，还在装作很摇摆⏎早都想好怎么办，却还一直让我猜⏎其实也不算不得不爱，也不想爱得太简单⏎干脆就小步一点一点靠过来⏎Hey你，和我跳舞好不好？就，这么简单的步调⏎心动的一秒，心碎的一秒，在你眉梢⏎你，在我脑海中微笑，嘿，笑得我睡不着⏎美妙的解药，致命的毒药，都是你的拥抱⏎想和你骑单车，想陪你看棒球⏎想要带你去外婆家，奇怪的图谋⏎我的耳机里有巴赫，还有分线器分享快乐⏎和你一起点亮这个城市每个角落⏎Check 1、2、3这个简单的Flow⏎就像小步舞曲给你最舒服的感受⏎这辈子的Rap这才是第二段⏎我这样做，是不是还蛮可爱⏎有点坏你有点坏，还在装作很摇摆⏎早都想好怎么办，却还一直让我猜⏎其实也不算不得不爱，也不想爱得太简单⏎干脆就小步一点一点靠过来⏎你，和我跳舞好不好？就，这么简单的步调⏎心动的一秒，心碎的一秒，在你眉梢⏎你，在我脑海中微笑，嘿，笑得我睡不着⏎美妙的解药，致命的毒药，都是你拥抱⏎人们总是说太多的算了吧⏎你根本追不到她，就忘了吧⏎可是爱上哪一个，谁又能选择⏎就像狗焕喜欢德善德善喜欢阿泽⏎我也不是天才，只是天生直白⏎喜欢就说出来，简简单单⏎一起跳舞像是洋娃娃和小熊⏎让今夜美丽星光点亮你的笑容⏎也许只要试试看，就可以让你都明白⏎你说呢，要不要Give it a try?⏎你，和我跳舞好不好？就，这么简单的步调⏎心动的一秒，心碎的一秒，在你眉梢⏎你，在我脑海中微笑，嘿，笑得我睡不着⏎美妙的解药，致命的毒药，都是你的拥抱⏎你，和我跳舞好不好？就，这么简单的步调⏎心动的一秒，心碎的一秒，在你眉梢⏎你，在我脑海中微笑，嘿，笑得我睡不着⏎美妙的解药，致命的毒药，都是你的拥抱⏎吉他/键盘/","语料库",""
"小花仙-守护天使_theonestudio","","魏小涵","天使张开翅膀⏎指引希望 圣洁之光⏎晨雾暖茶香⏎花的孩子 迎风高声的歌唱⏎万物生长 被欣赏⏎生命传递 能量之光⏎去梦想故乡⏎神的故事 总经历过了沧桑⏎不用害怕 为守护 变疯狂⏎竭尽全力相拥 幸福模样⏎风雨来 会勇敢⏎反反复 花开不败⏎心上人从未离开⏎超跃制高点 勇往向前方⏎大声地喊 冲破黑暗⏎寻找到正义答案⏎我要张开翅膀⏎变身传说天使模样⏎所有人在鼓掌⏎点燃心中全部光明信仰⏎我要迎难而上⏎所有人把爱围绕在最中央⏎心在守护","语料库",""
"我的麦克风","","潘玮柏","做一分钟的英雄⏎yo yo first 1⏎是谁抢走了我的麦克风⏎没关系 我还有我的喉咙 yeah yeah⏎是谁看扁了我没有观众⏎我自己第一个被感动 oho yeah⏎我不是来打工⏎我在卖我的梦⏎普通话没教我不懂⏎只给我五分钟⏎说不定一发功⏎会让你一生不相同⏎（rap）⏎我很有用 我很有用⏎就等着伯乐试用⏎先赚点零用 不怕大才小用⏎我很有用 不管用⏎说上一万遍就有用⏎oh ye 给我 给我 我的麦克风⏎一个掌声 一个白的灯 照亮我⏎你到底懂不懂 到底懂不懂⏎管他金的银的红的⏎我要我的麦克风⏎是谁抢走了我的麦克风⏎没关系 我还有我的喉咙 yeah yeah⏎是谁看扁了我没有观众⏎我自己第一个被感动 oho yeah⏎宣泄了荷尔蒙⏎唱活了白日梦⏎我就是我的主人翁 yeah⏎因为有恃无恐⏎比天王还要懂⏎怎么唱平凡人的痛 yeah⏎yo 怕不怕 不管有想法 没想法⏎麦克风想拿 代价怕不怕⏎你的妈 在这告诉我爸⏎唱首传奇歌曲 我不怕 就不怕⏎那听完 谢谢你 想要献花⏎到旁边排队要个号码吧⏎如果没有人 只剩下我跟我的麦克风⏎到底怕不怕 我不怕⏎你怕不怕 我不怕⏎是谁抢走了我的麦克风⏎没关系 我还有我的喉咙 yeah yeah⏎是谁看扁了我没有观众⏎我自己第一个被感动 oho yeah⏎左边的观众 左边的观众 对面的观众⏎有没的观众 请各位观众 做我的观众⏎有谁成功没下过了苦工⏎有谁出生就拿着麦克风⏎是谁抢走了我的麦克风⏎没关系 我还有我的喉咙 yeah yeah⏎是谁看扁了我没有观众⏎我自己第一个被感动 oho yeah⏎是谁抢走了我的麦克风⏎没关系 我还有我的喉咙 yeah yeah⏎是谁看扁了我没有观众⏎我自己第一个被感动 oho yeah","语料库",""
"现在该怎么好","","许茹芸","一句句一句句美丽的音调⏎一个个一个个神奇的韵脚⏎一些字迹潦草一些模糊记号⏎才能让人觉得虚无缥缈⏎一声声一声声老旧的祈祷⏎一片片一片片华丽的哀悼⏎一些灵感推敲一些过往凭吊⏎戴上我的圆礼帽⏎哎呀现在该怎么好⏎哎呀美得让人想逃⏎快乐如此吵闹忧伤如此寂寥⏎一切是如此完好⏎一声声一声声老旧的祈祷⏎一片片一片片华丽的哀悼⏎一些灵感推敲一些过往凭吊⏎戴上我的圆礼帽⏎哎呀现在该怎么好⏎哎呀美得让人想逃⏎快乐如此吵闹忧伤如此寂寥⏎一切是如此完好⏎哎呀不知如何是好⏎哎呀痛得让人想笑⏎情节如此高潮对白如此刚好⏎一切都是我假造⏎用不完的拥抱你问我的诀窍⏎只要骗自己就好","语料库",""
"ymca_好知己","","林子祥","我哋世上同行万里 就似兄弟 快乐同游共戏⏎又似好友 冇话成日去分你我他 不分那彼此⏎我哋好似同船共济 做个兄弟 冇问题涯义气⏎做个好友 确系无谓去分你我他 交个好知己⏎就当系进入了YMCA 就当系我哋嚟YMCA YEH⏎说话冇乜忌 笑就笑到碌地 畅聚快乐好欢喜⏎要当系进入了YMCA 要当系个个到达YMCA YEH⏎有事冇话退避 有难我哋担起 拍硬档前去一声一气⏎我哋世上相依相知 变了老友 应份不分彼此⏎天天就记住 我哋有爱有义 你我他真正好知己⏎人哋食完嘢反碗底 咁点算死党 点算好知己⏎未似我哋 情同手足兄弟 够义气真正好知己⏎就似系进入了YMCA 就似系我哋嚟YMCA YEH⏎说话冇乜忌 笑就笑到碌地 畅聚快乐好欢喜⏎就当系进入了YMCA 要当系进入了YMCA YEH⏎有事冇话退避 有难我哋担起 拍硬档绝冇多声多气⏎我哋世上同行万里 就似兄弟 快乐同游共戏⏎绝对好友 冇话成日去分你我他 不分那彼此⏎我哋一于同船共济 做个兄弟 冇问题涯义气⏎绝对好友 确系无谓去分你我他 真正好知己⏎就当系进入了YMCA 就当系我哋嚟YMCA YEH⏎说话冇乜忌 笑就笑到碌地 畅聚快乐好欢喜⏎要当系进入了YMCA 要当系个个到达YMCA YEH⏎有事冇话退避 有难我哋担起 拍硬档前去一声一气⏎YMCA 就当系我哋嚟YMCA YEH","语料库",""
"淘汰","","陈奕迅","我说了所有的谎⏎你全都相信⏎简单的我爱你⏎你却老不信⏎你书里的剧情⏎我不想上演⏎因为我喜欢喜剧收尾⏎我试过完美放弃⏎的确很踏实⏎醒来了 梦散了⏎你我都走散了⏎情歌歌词何必押韵⏎就算我是K歌之王⏎也不见得把爱情唱得完美⏎只能说我输了⏎也许是你怕了⏎我们的回忆没有皱褶⏎你却用离开烫下句点⏎只能说我认了⏎你的不安赢得你信任⏎我却得到你安慰的淘汰⏎我试过完美放弃⏎的确很踏实⏎醒来了 梦散了⏎你我都走散了⏎情歌歌词何必押韵⏎就算我是K歌之王⏎也不见得把爱情唱得完美⏎只能说我输了⏎也许是你怕了⏎我们的回忆没有皱褶⏎你却用离开烫下句点⏎只能说我认了⏎你的不安赢得你信任⏎我却得到你安慰的淘汰⏎只能说我输了⏎也许是你怕了⏎我们的回忆没有皱褶⏎你却用离开烫下句点⏎只能说我认了⏎你的不安赢得你信任⏎我却得到你安慰的淘汰","语料库",""
"问题儿童","","农夫","人人期望有一天这个世界充满爱⏎人人如像天使 相亲与相爱⏎人人期望有一天这个世界充满着爱⏎人人和睦相处 不需要比赛⏎点解我会出世 有我哩个人⏎点解细个 个个大人教我要叻过人⏎番学点解计分 操行好糸唔糸好人⏎点解多危红灯 妈妈仲话个社会黑暗⏎成绩表储星星 长大要做精英⏎人肯停停望下个天点解星⏎点解多问题 糸咪因为一切糸大人夹埋一齐黎厄细路仔⏎yo 成年人类嘅世界点解有d kai kai kai⏎到某个时候你变埋 你不会再觉得怪⏎人人期望有一天这个世界充满爱⏎人人如像天使 相亲与相爱⏎人人期望有一天这个世界充满着爱⏎人人和睦相处 不需要比赛⏎跟住个社会规则摞第一 为乜⏎怕遗失个第一糸咪一样迷失⏎科技够多味 最怕手机过期⏎点解Upgrade部手机仲紧要过边个稳你⏎几时用薪金去证明我身份⏎几时我讲趁都唔糸我心霖⏎问题天天都多 等到我大个⏎点解今日我仲未答到㖞⏎成年人类世界点解有d kai kai kai⏎到某个时候你变埋 你不会再觉得怪⏎人人期望有一天这个世界充满爱⏎人人如像天使 相亲与相爱⏎人人期望有一天这个世界充满着爱⏎人人期望可达到 不需要苦恼⏎点解大话糸大人共通语言⏎细路讲大话大人又有怨言⏎边个发明子弹 当人糸纸板⏎国家攻打国家 糸咪正义示范⏎佢地话平等 土地糸咪平分⏎边个发明地产 我分到块地板⏎边个发明锁链 锁住所谓嘅罪人⏎边个发明咗钱要我用一生去追寻⏎药物点解要买 食物点解要买⏎到底有冇一个唔使买卖嘅世界⏎糸咪我太过古怪 问题问得太kai⏎点解人一大就习惯晒哩个世界⏎woo~~~⏎点解爱会转钛 承诺要靠钻戒⏎人越大越自大 个个变到串晒⏎点解天气调转晒 如果2012真糸可以重新开始⏎咁算唔算快","语料库",""
"全民皆估","","农夫","全民皆估（粤）⏎农夫-全民皆估（粤）⏎买喇买喇买买买买买买硬⏎买买下个个买个个有赞冇弹⏎冇买（就有难）⏎买多几只股票估下会赚⏎买喇买喇买买买买买买硬⏎买买下个个买个个有赞冇弹⏎冇买（就有难）⏎买多几只股票估下会赚⏎一路押韵一味靠估先过瘾⏎唔驶讲运我唔驶返工剩系瞓⏎估估下陈师奶又去旅行⏎我有股份就唔需要带现金⏎只因喜欢买出买入⏎又赚一笔脚踏实地⏎人人人人无啦啦话呢只股会升⏎升高啲高啲咁先好反应⏎俾个冧把我我都唔明⏎但系好过睇通胜⏎炒股票有赌未为输⏎金融风暴已经系历史⏎买喇买喇买买买买买买硬⏎买买下个个买个个有赞冇弹⏎冇买（就有难）⏎买多几只股票估下会赚⏎买喇买喇买买买买买买硬⏎买买下个个买个个有赞冇弹⏎冇买（就有难）⏎买多几只股票估下会赚⏎你男友⏎玩蓝筹⏎赚唔够⏎转红筹⏎炒孖展⏎高风险⏎有对兄弟会借钱⏎人人人人无啦啦话呢只股会升⏎升高D 高D 咁先好反应⏎咪学360郁郁下会停⏎跌到渣都冇得剩⏎医生⏎护士⏎学生⏎教师⏎炒股票好过中3T⏎陆叔话你知呢件事⏎投机最好全港靠赌⏎由今朝早要捞变到唔驶再捞⏎投机最好全港靠赌⏎由今朝早要捞变到唔驶再捞⏎陆叔我觉得个市呢即系好快趣就会⏎如果跌到咁上下呢应该系会作出反弹⏎而且呢系即系唔应该系会觉得系会跌穿嘅⏎买喇买喇买买买买买买硬⏎买买下个个买个个有赞冇弹⏎冇买（就有难）⏎买多几只股票估下会赚⏎买喇买喇买买买买买买硬⏎买买下个个买个个有赞冇弹⏎冇买（就有难）⏎买多几只股票估下会赚⏎哗⏎发呀","语料库",""
"荷塘月色_街舞舞曲版_-_remix","","凤凰传奇","剪一段时光缓缓流淌⏎流进了月色中微微荡漾⏎弹一首小荷淡淡的香⏎美丽的琴音就落在我身旁⏎萤火虫点亮夜的星光⏎谁为我添一件梦的衣裳⏎推开那扇心窗远远地望⏎谁采下那一朵昨日的忧伤⏎我像只鱼儿在你的荷塘⏎只为和你守候那皎白月光⏎游过了四季 荷花依然香⏎等你宛在水中央⏎萤火虫点亮夜的星光⏎谁为我添一件梦的衣裳⏎推开那扇心窗远远地望⏎谁采下那一朵昨日的忧伤⏎我像只鱼儿在你的荷塘⏎只为和你守候那皎白月光⏎游过了四季 荷花依然香⏎等你宛在水中央⏎那时年轻的你和你水中的模样⏎依然不变的仰望⏎漫天迷人的星光⏎谁能走进你的心房采下一朵莲⏎是那夜的芬芳 还是你的发香⏎荷塘呀荷塘 你慢慢慢慢唱哟⏎月光呀月光 你慢慢慢慢听哟⏎鱼儿呀鱼儿 你慢慢慢慢游哟⏎淡淡的淡淡的 淡淡的月光⏎我像只鱼儿在你的荷塘⏎只为和你守候那皎白月光⏎游过了四季 荷花依然香⏎等你宛在水中央⏎我像只鱼儿在你的荷塘⏎只为和你守候那皎白月光⏎游过了四季 荷花依然香⏎等你宛在水中央⏎等你宛在水中央","语料库",""
"嘻嘻哈哈接财神","","卓依婷","开门迎接财神到⏎打锣打鼓一起放鞭炮⏎笑口常开说恭喜发财⏎大吉大利带来好预兆⏎婆婆穿起花旗袍⏎阿公看得哈哈笑⏎小孩跳舞唱起歌⏎财神爷爷分红包⏎好运今年已来到⏎相亲相爱福气高⏎你招财 我进宝⏎你说恭喜我说恭喜 嘻嘻哈哈嘻嘻哈哈⏎嘻嘻哈哈嘻嘻哈哈 哈哈哈哈哈...⏎开门迎接财神到⏎打锣打鼓一起放鞭炮⏎笑口常开说恭喜发财⏎大吉大利带来好预兆⏎婆婆穿起花旗袍⏎阿公看得哈哈笑⏎小孩跳舞唱起歌⏎财神爷爷分红包⏎好运今年已来到⏎相亲相爱福气高⏎你招财 我进宝⏎你说恭喜我说恭喜 嘻嘻哈哈嘻嘻哈哈⏎嘻嘻哈哈嘻嘻哈哈 哈哈哈哈哈...⏎婆婆穿起花旗袍⏎阿公看得哈哈笑⏎小孩跳舞唱起歌⏎财神爷爷分红包⏎好运今年已来到⏎相亲相爱福气高⏎你招财 我进宝⏎你说恭喜我说恭喜 嘻嘻哈哈嘻嘻哈哈⏎嘻嘻哈哈嘻嘻哈哈 哈哈哈哈哈...","语料库",""
"书香年华","","许嵩","云对雨 雪对风 晚照对晴空⏎来鸿对去燕 宿鸟对鸣虫⏎三尺剑 六钧弓 岭北对江东⏎人间清暑殿 天上广寒宫⏎——清·车万育《声律启蒙》⏎多久没有提笔 为你写一首诗⏎对偶平仄押韵 难道都在故纸⏎常常欲言又止 表达缺乏情致⏎书到用时才恨少 还真那么回事⏎孙⏎梦里一记钟声 恍然敲回古时⏎花明柳媚春日 书院里又添学子⏎苦读百卷经史 不止为功名之资⏎学问里自有传承和坚持⏎琅琅书声如春风 拂过千年时空⏎少年啊壮志在胸 赋首词让人感动⏎借一场古典的梦 与东坡热情相拥⏎没告诉他将被千古传诵⏎云对雨 雪对风 晚照对晴空⏎来鸿对去燕 宿鸟对鸣虫⏎三尺剑 六钧弓 岭北对江东⏎人间清暑殿 天上广寒宫⏎——清·车万育《声律启蒙》⏎孙⏎梦里一记钟声 恍然敲回古时⏎花明柳媚春日 书院里又添学子⏎许⏎苦读百卷经史 不止为功名之资⏎学问里自有传承和坚持⏎琅琅书声如春风 拂过千年时空⏎少年啊壮志在胸 赋首词让人感动⏎借一场古典的梦 与东坡热情相拥⏎没告诉他将被千古传诵⏎没告诉他将被千古传诵⏎音乐纯粹！爱V绝对！","语料库",""
"mr._children","","李克勤","今晚想去边⏎铜锣湾集合一班仔去边⏎松开衣领扮细路唱K放松一点⏎永远未成年⏎玩玩玩玩去到通宵一两点⏎去派对运动不管三四点⏎你我即使一千岁⏎永远觉得好玩去乐园拒绝成年⏎我上班若四野无人⏎上网打机亦间歇游魂⏎听经理的指引天天似足影印⏎最渴望有假期我份人没特别斗心⏎每晚收工就似个狂人⏎干线飞车水箱都火滚⏎飞走了一天气愤推高那枝波棍⏎副引擎马力强吓坏人⏎聚旧派对一班损友今晚不必归家⏎高声喧哗多么的高音⏎仿佛初中那一枝结他⏎担心睇化只恐怕衰老⏎我会似柏金逊可怕⏎年轻一朵金花长期持续发芽⏎我最想像各界潮人⏎每套新衫亦挂人猿人⏎怎么着怎么衬只需觉得吸引⏎我造型似大人似细路又换件背心⏎我最喜麦加登的变身⏎过去的卡通今天的拥趸⏎一双脚踩低市镇睇得我很兴奋⏎圣斗士铁甲人杀坏人⏎La……⏎唱到底只得一堆发音⏎最爱争咪上K房打趸⏎点解要首首押韵假音唱得好震⏎哩��哩��哩��劲大量震音⏎世界即使怎么转","语料库",""
"闽南语歌","","施文彬","（武）想欲写一首台语歌⏎不知爱用啥　来做韵脚⏎祖先有智慧的教示⏎这嘛的少年仔无爱听⏎（施）想欲唱一首台语歌⏎不知欲唱乎　谁人听⏎现代上流行的物件⏎阮的序大人因听袂合⏎（合）其实台语歌　愈听愈耐听⏎有世事的议论　有人情的描写⏎（施）其实台语歌　愈唱愈好听⏎置纷乱的时代　安慰着你甲我⏎（合）我心爱的台语歌啊～⏎有乡亲心内的心声⏎只要音乐若续拍喔～⏎唱来就有感觉⏎我心爱的台语歌啊～⏎是土地温暖的温泉⏎只要歌词若感动喔～⏎愈唱就愈时行⏎（施）想欲唱一首台语歌⏎不知欲唱乎　谁人听⏎近来上直接的情歌⏎阮的序大人因听袂合⏎（合）其实台语歌　愈听愈耐听⏎有世事的议论　有人情的描写⏎（施）其实台语歌　愈唱愈好听⏎置纷乱的时代　安慰着你甲我⏎（合）我心爱的台语歌啊～⏎有乡亲心内的心声⏎只要音乐若续拍喔～⏎唱来就有感觉⏎我心爱的台语歌啊～⏎是土地温暖的温泉⏎只要歌词若感动喔～⏎愈唱就愈时行⏎愈唱就愈时行","语料库",""
"瘦马驮诗去天涯（cover_raphael）","","NL不分","瘦马驮诗去天涯⏎秋风の狂诗曲⏎NL不分⏎西风狂沙 瘦马驮诗你去天涯⏎沿途把山水煎作茶⏎平野雨骤打 摘叶芭蕉作伞一把⏎至晴明可赏绿新挂⏎过古刹 有酒肉共聆无上妙法⏎炼丹砂 道身随心去自是豁达⏎若你问 则我答 少年事 多为他⏎而今将一并抛下⏎这天下 如酒家 千万事 青盏花⏎各说各话 各为知己一刹⏎虾闲捞 鱼旋打 浣足须是烟霞⏎风流由他 何事不曾风雅⏎一夜起风沙 明朝各去天涯⏎沿途看江湖生莲花⏎林深栖寒鸦 喧喧哗哗暮起刹那⏎掂量算风月换诗家⏎过古刹 酒肉共聆无上妙法⏎炼丹砂 道身随心去自是豁达⏎若你问 则我答 少年事 多为他⏎而今将一并抛下⏎这酒家 似天下 悲与欢 不作价⏎醉过醒罢 明日寻访梅花⏎转青崖 踏月华 盖芦花 就睡下⏎何谓天涯 不过一步半霎⏎这天下 如酒家 千万事 青盏花⏎各说各话 各为知己一刹⏎虾闲捞 鱼旋打 浣足须是烟霞⏎风流由他 何事不曾风雅⏎这酒家 似天下 悲与欢 不作价⏎醉过醒罢 明日寻访梅花⏎转青崖 踏月华 盖芦花 就睡下⏎何谓天涯 不过一步半霎","语料库",""
"love_beats","","洛天依","划过耳畔的特别气息⏎我的目光已锁定了你⏎可是你却始终没注意⏎有个人就站在那里⏎每当看到你传的简讯⏎我都回复的小心翼翼⏎听你诉说那些小脾气⏎我都慢慢帮你梳理⏎可我们总有时候会闹小矛盾⏎所以最后我不得不无奈承认⏎你说的每一句话都默认保存⏎以防哪天你说我心里有他人⏎虽然我不能随时随地的现身⏎但是可以在耳边模仿的逼真⏎如果你因为我的疏忽而变冷⏎那我就会急忙跑来请求严惩⏎完全不明白你的魔力⏎彻底沦陷到你的心里⏎可是你却装作很无情⏎不知有人为你伤心⏎每当看不见你的身影⏎我都失落到目光迷离⏎听你侃侃而谈的语气⏎我全部都印在心底⏎每天都会有不同的大小闹剧⏎请你好好地接受不要去在意⏎我就是这样的人你必须宠溺⏎那我就会给你一点惊喜福利⏎虽然我们都是住在异处隔壁⏎可是也能把感情用手机传递⏎可能我莫名生气就不想理你⏎但你也会费尽心思逗我开心⏎我可以保证对你真诚不三心二意⏎也希望你能给我一点空隙⏎我知道你会嫌烦嫌我不懂你⏎可是你必须懂得我一片真心⏎我可以保证对你宽容不含糊其辞⏎也希望你能给我一点温馨⏎我知道你会嫌累嫌我很烦心⏎可是你必须明白我真的爱你","语料库",""
"机械之心","","洛天依","夜弥散欢悦的气氛⏎融化每一个人⏎掩盖着不断磨损的心声⏎灯窥探黑夜的纷纶⏎妒忌那片星辰⏎将悲伤催生⏎铜铁铸成的身躯⏎耗尽浑浊的动力⏎将笑容和平静都卸去⏎无力抵御无法抚平⏎心口的跳动与颤悸⏎缓慢轴转的星斗⏎能让彷徨无法困禁⏎流动冲撞的耳语⏎灌满空洞的躯体⏎从未知晓的痛觉⏎空虚幻交织着浑沌⏎光芒无法延伸⏎围绕着不变的静谧沉闷⏎谁呼唤沉眠的灵魂⏎用冰冷的体温⏎填补着裂痕⏎无人察觉的呢语⏎将纷扰拆解离析⏎让绝望和寥寂都流尽⏎无声无息刺破障壁⏎萦绕在星空的悲鸣⏎去传递不愿唤起⏎也无法改变的记忆⏎孤单寂寞的角落⏎蓝色的光芒四溢⏎冻结已久的躯体⏎逐渐苏醒⏎忽明忽灭的冷光悄悄渗透闭紧的眼底⏎无数颗齿轮带动的心都寄放在一起⏎流动温柔的耳语灌入冰冷的躯体⏎“就将我们的面孔一一铭记”⏎（the）soul is a-waken-ing⏎（the）heart is beat-ing","语料库",""
"说唱脸谱","","洛天依","喂 喂 老师 给点回声 喂 喂 好了 开始吧⏎那一天爷爷领我去把京戏看⏎看见那舞台上面好多大花脸⏎红白黄绿蓝颜色油的脸⏎一边唱一边喊哇呀呀呀呀好像炸雷⏎唧唧喳喳震响在耳边⏎蓝脸的窦尔礅 盗御马⏎红脸的关公 战长沙⏎黄脸的典韦 白脸的曹操⏎黑脸的张飞叫喳喳喳喳喳喳喳喳喳喳⏎说实话京剧脸谱本来确实挺好看⏎可唱的说的全是方言怎么听也不懂⏎慢慢腾腾咿咿呀呀哼上老半天⏎乐队伴奏一听光是锣鼓家伙咙个哩个三大件⏎这怎么能够跟上时代赶上潮流⏎吸引当代小青年⏎紫色的天王托宝塔⏎绿色的魔鬼斗夜叉⏎金色的猴王 银色的妖怪⏎灰色的精灵笑哈哈……⏎我爷爷生气说我纯粹这是瞎捣乱⏎多美的精彩艺术中华瑰宝⏎就连外国人也拍手叫好⏎一个劲的来称赞⏎生旦净末唱念做打手眼身法功夫真是不简单⏎你不懂戏曲 胡说八道⏎气的爷爷胡子直往脸上翻⏎老爷爷你别生气允许我分辨⏎就算是山珍海味老吃也会烦⏎艺术与时代不能离太远⏎要朝新要发展 哇呀呀……⏎让那老的少的男的女的大家都爱看⏎民族遗产一代一代往下传⏎一幅幅鲜明的鸳鸯瓦⏎一群群生动的活菩萨⏎一笔笔勾描一点点夸大⏎一张张脸谱美佳佳……","语料库",""
"忘词也是一种艺术","","庾澄庆","猪 ya 猪 oh 猪 yoyo⏎猪 check it out⏎猪⏎我说⏎猪⏎说什么啊 八戒 有了⏎不知不觉已经过了四个八拍⏎我的脑筋还是一片空白⏎饶舌就饶舌何必那么冲⏎为什么 骂人 要骂那么凶⏎你们都跩了个二五八万⏎打麻将 听牌⏎都听二五八万⏎造反 想作乱⏎就想吃卤肉饭⏎诶卤肉饭好耶⏎小屁孩 太着急⏎转大人 要努力⏎还在吃奶 就想要使坏⏎真的是菜 真的是太机歪⏎毛没长齐就想出来闹⏎饶舌 饶得像是 数来宝⏎太老太老⏎一直说我太老⏎让我告诉你们⏎Old school is the king 老学校懂吧⏎庾澄庆⏎强力录音室⏎彭成意⏎弯的音乐⏎陈建良","语料库",""
"哥儿们","","王力宏","我和你一起到底⏎一起唱两人⏎这样才是哥儿们⏎唱一首哥儿们的歌儿⏎永不忘这一刻儿⏎这一辈子是哥儿们最难得⏎这一首哥儿们的歌儿⏎有哥儿们就够了⏎世界变多少哥儿们都在这儿⏎唱一首反应我们朋友多有默契的歌儿⏎最牛的帅哥们直接啥都不比解释⏎我就是挺你到底也不可能背叛你⏎会争第一同时记得给彼此鼓励哥儿们⏎你碰到海就一起填我一定帮你⏎我碰到山就拼了吧一起移⏎同一个团队等于多加倍的力气⏎希望在心里哥儿们一起创造奇迹⏎也不怕受伤一次比一次坚强⏎盖一个圣堂各自奔不同方向⏎曾经就约定好要成功才像个样⏎飞到何方哥儿们的歌儿记得怎么唱⏎要成为Leaders For十几亿个爱听歌的人以腻了⏎你逼了我让自已的耳朵变更细致押韵更密实⏎尤其是联手写历史我们越来越有气势⏎唱一首哥儿们的歌儿⏎永不忘这一刻儿⏎这一辈子是哥儿们最难得⏎这一首哥儿们的歌儿⏎有哥儿们就够了⏎世界变多少哥儿们都在这儿⏎我们势均力敌但是从不耍心机⏎跟你比跟你学习像不同血液的兄弟哥儿们⏎互相接力你跑的越快对我越有利哥儿们最有默契⏎哥儿们来自四面八方时常好久不见⏎习惯了孤军奋战距离很遥远⏎友情从来不变但一个电话说Yo⏎高兴的问候就能给彼此加油⏎每一次见面可能Yo⏎隔一个礼拜或一个月还是一年都没差⏎不管我做了多少改变你就努力去接受⏎即使不能了解都会给我很多鼓励所以哥儿们⏎换我们唱国语歌还是要承认⏎听得懂饶舌的美丽只有部分的人⏎但每个人都能了解我们⏎想表达的精神那就是珍惜哥儿们到永远⏎唱一首哥儿们的歌儿⏎永不忘这一刻儿⏎这一辈子是哥儿们最难得⏎这一首哥儿们的歌儿⏎有哥儿们就够了⏎世界变多少哥儿们都在这儿","语料库",""
"女朋友(live)_-_live","","王力宏","我们这么熟　交往这么久⏎这时候　普通朋友都不够⏎有没有发抖　我看你点头⏎你穿这么露　我摸你背后⏎我帮你针灸　我让你放松⏎这样不会生锈　你跟我最疯⏎希望你能懂　保证不同　只怕失控⏎其它是梦　嘻哈曲风　会让你疯⏎Shorty 想要你当我的女朋友⏎（Shorty 想要你当我的女…）⏎若你想好　别让我继续等侯⏎（若你想好　别让我继续…）⏎我希望把你黄灯变绿灯　Yo⏎（我希望让你黄灯变绿…）⏎Shorty 想要你当我的女朋友⏎（Shorty 想要你当我的女朋友）⏎对你来说这样会不会太直接⏎如果你不舒服　我就该说「歹势」⏎我只希望你能够做我的girl friend⏎如果你不介意-大声叫 Oh Yeah…⏎Now别浪费这机会⏎小姐想给你体会冒险⏎想陪你劈腿　抱歉　我说话没礼貌⏎但我多想对你好　被你抱　给你咬⏎一个水蜜桃　他会医疗⏎你的嘴角 让他往上翘　几十秒⏎被我吓到　抓不到　她的韵脚⏎小姐小姐 show you how⏎怎么叫你　舌头绕⏎Shorty 想要你当我的女朋友⏎（Shorty 想要你当我的女….）⏎若你想好　别让我继续等候⏎（若你想好　别让我继续…）⏎我希望把你黄灯变绿灯　Yo⏎（我希望让你黄灯变绿…）⏎Shorty 想要你当我的女朋友⏎（Shorty 想要你当我的女…）⏎做我的女朋友","语料库",""
"除非没了地球","","新街口","""再次穿上帽衫 戴好项链 一个久违的战士被重新呼唤⏎相比女人原来我更想念硝烟 体内的基因注定让我好战⏎这些天 就算在ML 脑海也 想着作战⏎如果我是愚公我会烧了那座山再把地盘归还让他们明白我们是同伴⏎但我看到 我的后面 没人能追赶 好多人嘶喊 MC Han MC Han⏎我就像回到从前 找到了起点，就算你不承认⏎你我都在追求 但是明显我是领袖⏎我的头脑是安卓 而你是塞班 哥们你就到这了再也不能扩展⏎虽然你的音乐到处问候别人爹娘 但你最多也就左手OK右手扶墙⏎我超越你 超越你几光年的思想 站在巅峰看着你在地下的慌张⏎我甚至对于这个没有对手的市场 有了绝望，⏎但是说唱，像是我的情人 我听到她在对我唱⏎那只麦克风它 不会生锈 脱掉西装再次回到街头 重返舞台⏎我不会走   因为我的名字叫做新街口⏎我舍不得那些崇拜着我的妞只要上帝不强行拆迁我不走⏎我坚持到什么时候（山崩地裂之前） 我统治到什么时候除非没了地球⏎可能穿着air force的白板鞋 可能戴着new era的帽子逛大街⏎他穿成这样为了mix北京一夜  别以为 这哥们真的会做音乐⏎当结尾两个字的双押  千篇一律⏎都那么热爱押韵 我听不去 MC-abcde一夜之间遍地 拍着马屁跟着别人做小弟⏎我看到 好多人好多年 没有进步没有挣钱 把音乐⏎想用来赚钱 想用来行骗 想用来把女孩哄上他的床沿⏎我不是说MC han 我们都属于表面坏但是内心正面⏎你们并不了解这个圈 每个人都很表面 表现的傲慢一年赛过一年永远不可能大团结⏎不可能走一条路 穿一双鞋 不是来自北京偏要装北京爷 来自北京的却又不团结⏎iphone有山寨北京人也有山寨 hip-hop音乐和MC到处山寨⏎所以我们不能走 留在这里做王  不能就此离开 重返这个舞台""","语料库",""
"北京说唱三国杀","","新街口","我点燃一颗烟 放到嘴边⏎回想从前 做说唱这五年⏎脑海中浮现 当年的画面⏎封面的人们都已解散⏎我看过 当年的假繁荣⏎没有留下传统 只有留下战争⏎说唱往下沉 有个南城的人⏎扛不住所以后来去摇滚⏎因为都要生存所以顾不了执着的精神⏎不是谁都能担得起内份责任⏎我记得当年听了好多吓唬人的歌⏎当初以为进这个圈子要买中国平安⏎当年龙虎斗我输给了背词好学生""天天""⏎内哥们儿现在的音乐居然还像学前班⏎他这辈子最光荣的一件事⏎可能就是赢过少年时期的MC Han⏎中国说唱不成功因为傻x太多⏎月末从不路过东四十条听说内边都是""大哥""⏎新街口组合 南征北战⏎还有这个圈子北京分三国⏎我杀出一片天不在乎要花多少时间⏎管他江山破碎 烽火连篇⏎杀吧杀吧 争霸天下⏎让紫禁城见证这历史的风沙⏎我头顶着天 我脚踏着地⏎我代表和出生在这里 BJC⏎我不在乎你们内些带刺儿的讽刺⏎硬核和硬派就是我表达的方式⏎有太多的人垂涎着这座城市⏎根本不去审视自己的历史⏎我流血流汗不为了把这一切独占⏎只是为了给它应有的地位和尊严⏎我和我的兄弟们南征北战⏎代表各自的城市 当然也包括MC HAN⏎有太多的人想把我们的船掀翻⏎因为他们自己根本没办法靠岸⏎常在河边走 哪儿能不湿鞋⏎爷们儿应该走正道儿 可你们偏要走斜⏎罢了 罢了 怂炮儿只会嚼舌头⏎我们征战南北 拜相封侯⏎中国说唱不成功因为傻x太多⏎月末从不路过东四十条听说内边都是""大哥""⏎新街口组合 南征北战⏎还有这个圈子北京分三国⏎我杀出一片天不在乎要花多少时间⏎管他江山破碎 烽火连篇⏎杀吧杀吧 争霸天下⏎让紫禁城见证这历史的风沙⏎有人说MC Han只会做感情歌⏎我觉得内个傻x听完这首歌之后⏎ta可以去死了⏎在你听到我们每一首歌给你力量的时候⏎我知道新街口组合这几年是怎么过来的⏎我们扛过多少次被劝放弃的考验面对多少人的挑战⏎我们没有动摇直到今天⏎不断超越自己不断改变⏎但是改变不了这个圈的笨蛋⏎比如Sbazzo的山寨一代又一代⏎比如内个叫脏爸爸的大BT⏎不男不女 除了双押别的不许⏎谁都看不起却TM没有一点自己的东西⏎这样的傻x 就欠给丫一击⏎MC-Han 给我Ak47⏎听听 我的押韵⏎在我下一张专辑的时候我能看到谁的CD⏎你也做说唱我也做说唱⏎但是我和你 之间没有共同话题⏎不可能出现交集我不收小弟我有我的领地⏎新街口让北京三足鼎立⏎这是事实不是我在故意挑衅我不与你为敌⏎胜于自信的胜利胜在无所畏惧⏎几年以后我是嬴政你最多是刘备⏎让你见我流血让你见到我就流泪⏎你见过我们靠过谁跟过谁⏎现在的天下是我们自己打出来的拼出来地位⏎﹏﹏_﹏ ^-^END^-^ ﹏_﹏﹏","语料库",""
"瓷_你好像神经病","","新街口","每次我做完一首新歌⏎就看到你又开始跑来乱叫⏎嘿瓷 为什么我做的音乐⏎总是被你当做想啃的骨头⏎你认为我不行⏎为什么我可以获得别人的认同⏎好你像比我的歌迷对我更关注⏎为什么你心里怨恨又嫉妒⏎哦 我火了你又没辙⏎你可以拿更好的作品压过我⏎我可以让我的企宣免费为你宣传⏎今天说我的词太假明天说我flow没有变化⏎好像你是专家⏎你好像比我更会做音乐⏎但为什么就是做不出来一首歌⏎瓷 你他妈好像神经病⏎看别人都是傻B就他妈你聪明⏎瓷 你他妈好像神经病⏎你为什么心里那么不平衡⏎瓷 你他妈就是神经病⏎看我的说唱更硬还是你的嘴硬⏎瓷 你丫就是神经病⏎我做的音乐不是他妈给你听⏎这提个提那个好像和谁都认识⏎你比我有面子 在这个圈子⏎嘿 瓷 你是大师⏎你不装他妈也是孙子⏎你说我是另一个谁谁谁⏎你说我像快板像数来宝⏎你认识的真多你懂的真多⏎你开个座谈会我听你说⏎你在吹牛B的时候我在录音棚⏎我在创作的时候你在网上扯淡B⏎就这是差距你继续得意⏎我特意做了这首新歌用来骂你⏎瓷 别感谢我给你抬举⏎我的成功该让你受点刺激⏎我在说谁你他妈自己心里清楚⏎你再怎么臭牛B也他妈只能嫉妒⏎瓷 你他妈好像神经病⏎别看人都是傻B就他妈你聪明⏎瓷 你他妈好像神经病⏎你为什么心里那么不平衡⏎瓷 你他妈就是神经病⏎我看的说唱更硬还是你的嘴硬⏎瓷 你丫就是神经病⏎我做的音乐不是他妈给你听⏎别他妈写不出来歌词做不了MC⏎在就网上装大哥骂这个骂那个⏎越是成天说别人的人其实越懦弱⏎心理自卑所以嘴上跟你说⏎听我过这个听过那个⏎说中文不适合做说唱因为你做不出来吧⏎嘿瓷你真他妈可笑⏎别看你不会说唱却好像要开学校⏎活到你这个份上怎么他妈不害臊⏎认你识多少人也没人觉得你重要⏎很光荣谁的演出你都能够蹭票⏎4月17号我他妈给你赠票⏎说唱不是踢球你他妈别装裁判⏎就是骂你傻B甭跟我讲条件⏎摘了你的帽子扯了你的链子⏎新街口的说唱不会给你面子⏎瓷 你他妈好像神经病⏎瓷 你他妈好像神经病⏎瓷 你他妈就是神经病⏎瓷 你丫就是神经病⏎瓷 你他妈好像神经病⏎瓷 你他妈好像神经病⏎瓷 你他妈好像神经病⏎看别人都是傻B就他妈你聪明⏎瓷 你他妈就是神经病⏎瓷 你他妈就是神经病⏎瓷 你就是神经病⏎做我的音乐不是他妈给你听 傻B","语料库",""
"我是你的乐与怒","","泳儿","我是你的乐与怒⏎为你染头发 可以学学爆炸⏎为你着皮革 可以换换型格⏎为了新浪漫⏎连侬亦会与爱人伙拍⏎令你感动吧⏎从来万次大战⏎未够一张暖毡 会吗⏎来摇摆 原来爱极浩大⏎可高兴到乱扫电结他⏎为爱呼喊⏎在爱中哪个没性格⏎驯服最可怕⏎来摇摆 原来声音一把⏎都迫切过十对大喇叭⏎共你可挽救坏世界⏎狂热到K歌也想嗌⏎饶舌太难夹 给你另类节拍⏎闹市那样窄 给我地下文化⏎为了新浪漫⏎连侬亦会与爱人伙拍⏎令你感动吧⏎从来乐了就笑⏎怒了一起去消 会吗⏎来摇摆 原来爱极浩大⏎可高兴到乱扫电结他⏎为爱呼喊⏎在爱中哪个没性格⏎驯服最可怕⏎来摇摆 原来声音一把⏎都迫切过十对大喇叭⏎为你呼喊⏎共你可挽救坏世界⏎狂热到K歌也想嗌⏎来摇摆 原来爱极浩大⏎可高兴到乱扫电结他⏎为爱呼喊⏎在爱中哪个没性格⏎驯服最可怕⏎来摇摆 原来声音一把⏎都迫切过十对大喇叭⏎为你呼喊⏎共你可挽救坏世界⏎狂热到K歌也想嗌","语料库",""
"无可奉告","","苏永康","﻿⏎狩猎的镁光灯在狞笑⏎路人目光窥探似刀⏎所以我拉着妳奔跑⏎哼着情歌卷爱潜逃⏎爱情呐见不得别人好⏎落单的都被踩了痛脚⏎我们别随着人海飘摇⏎放手奔向心的好望角⏎这城市的节奏太糟糕⏎跳不完一首恋曲里的风骚⏎每当妳转身裙摆摇摇⏎我神魂颠倒谁是谁不重要⏎爱已不可靠我们快跑⏎到哪里都好天涯海角无可奉告⏎闭上眼选沙漠或孤岛⏎下一秒换日线就来到⏎就算这是某种玩笑⏎至少快乐维妙维肖⏎爱情呐长满了酸葡萄⏎寂寞的仰头恨着天高⏎我们就借用彼此拥抱⏎微笑填好情歌的韵脚⏎这城市的节奏太糟糕⏎跳不完一首恋曲里的风骚⏎每当妳转身裙摆摇摇⏎我神魂颠倒谁是谁不重要⏎爱已不可靠我们快跑⏎到哪里都好天涯海角无可奉告⏎这城市的品味太糟糕⏎到处都贴满悬赏爱的公告⏎当浪漫都已逃之夭夭⏎别庸人自扰谁是谁不重要⏎爱已不可靠我们快跑⏎到哪里都好天涯海角无可奉告","语料库",""
"夜曲","","瑞鸣唱片","词 方文山 曲 周杰伦⏎一群嗜血的蚂蚁 被腐肉所吸引⏎我面无表情 看孤独的风景⏎失去你 爱恨开始分明⏎失去你 还有什N事好关心⏎当鸽子不再象征和平⏎我终于被提醒⏎广场上喂食的是秃鹰⏎我用漂亮的押韵⏎形容被掠夺一空的爱情⏎啊 乌云开始遮蔽 夜色不干净⏎公园里 葬礼的回音 在漫天飞行⏎送你的 白色玫瑰⏎在纯黑的环境凋零⏎乌鸦在树枝上诡异的很安静⏎静静听 我黑色的大衣⏎想温暖你 日渐冰冷的回忆⏎走过的 走过的 生命⏎啊 四周弥漫雾气⏎我在空旷的墓地⏎老去后还爱你⏎为你弹奏萧邦的夜曲⏎纪念我死去的爱情⏎跟夜风一样的声音⏎心碎的很好听⏎手在键盘敲很轻⏎我给的思念很小心⏎你埋葬的地方叫幽冥⏎为你弹奏萧邦的夜曲⏎纪念我死去的爱情⏎而我为你隐姓埋名⏎在月光下弹琴⏎对你心跳的感应⏎还是如此温热亲近⏎怀念你那鲜红的唇印⏎那些断翅的蜻蜓 散落在这森林⏎而我的眼睛 没有丝毫同情⏎失去你 泪水混浊不清⏎失去你 我连笑容都有阴影⏎风在长满青苔的屋顶⏎嘲笑我的伤心⏎像一口没有水的枯井⏎我用凄美的字型⏎描绘后悔莫及的那爱情⏎为你弹奏萧邦的夜曲⏎纪念我死去的爱情⏎跟夜风一样的声音⏎心碎的很好听⏎手在键盘敲很轻⏎我给的思念很小心⏎你埋葬的地方叫幽冥⏎为你弹奏萧邦的夜曲⏎纪念我死去的爱情⏎而我为你隐姓埋名 在月光下弹琴⏎对你心跳的感应 还是如此温热亲近⏎怀念你那鲜红的唇印⏎一群嗜血的蚂蚁 被腐肉所吸引⏎我面无表情 看孤独的风景⏎失去你 爱恨开始分明⏎失去你 还有什N事好关心⏎当鸽子不再象征和平⏎我终于被提醒⏎广场上喂食的是秃鹰⏎我用漂亮的押韵⏎形容被掠夺一空的爱情","语料库",""
"忧伤说唱","","阿佳","我为你写了太多太多文字⏎都能串起 唱成一首一首的歌⏎忧伤说唱 你对我的绝情⏎忧伤说唱 你对我的狠心⏎我为你写了太多太多文字⏎都能串起 唱成一首一首的歌⏎忧伤说唱 我对你的深情⏎忧伤说唱 我对你的真心⏎忧伤望着天空的心⏎不愿再去想太多的你⏎只愿默默 爱着你⏎记录 爱你的心情⏎我为你写了太多太多文字⏎都能串起 唱成一首一首的歌⏎忧伤说唱 你对我的绝情⏎忧伤说唱 你对我的狠心⏎我为你写了太多太多文字⏎都能串起 唱成一首一首的歌⏎忧伤说唱 我对你的深情⏎忧伤说唱 我对你的真心⏎忧伤望着天空的心⏎不愿再去想太多的你⏎只愿默默 爱着你⏎记录 爱你的心情","语料库",""
"最熟悉的陌生人_urban_beat","","萧亚轩","还记得吗 窗外那被月光染亮的海洋⏎你还记得吗 是爱让彼此把夜点亮⏎为何后来我们 用沉默取代依赖⏎曾经朗朗星空 渐渐阴霾⏎心碎离开 转身回到最初荒凉里等待⏎为了寂寞 是否找个人填心中空白⏎我们变成了世上 最熟悉的陌生人⏎今后各自曲折 各自悲哀⏎只怪我们爱得那么汹涌 爱得那么深⏎于是梦醒了 搁浅了 沉默了 挥手了 却回不了神⏎如果当初在交会时能忍住了 激动的灵魂⏎也许今夜我不会让自己在思念里 沉沦⏎心碎离开 转身回到最初荒凉里等待⏎为了寂寞 是否找个人填心中空白⏎我们变成了世上 最熟悉的陌生人⏎今后各自曲折 各自悲哀⏎只怪我们爱得那么汹涌 爱得那么深⏎于是梦醒了 搁浅了 沉默了 挥手了 却回不了神⏎如果当初在交会时能忍住了 激动的灵魂⏎也许今夜我不会让自己在思念里 沉沦⏎我们变成了世上最熟悉的陌生人⏎今后各自曲折 各自悲哀⏎只怪我们爱得那么汹涌 爱得那么深⏎于是梦醒了 搁浅了 沉默了 挥手了 却回不了神⏎如果当初在交会时能忍住了 激动的灵魂⏎也许今夜我不会让自己在思念里 沉沦","语料库",""
"闪闪惹人爱_break_beatremix_-_remix","","萧亚轩","不意外 太容易出线就不叫做Mr.Right⏎想表白 拿着麦克风声嘶力竭唱出来⏎我要的爱不要呆 故作神秘还要猜⏎感觉对了 时候到了 放大胆精彩⏎我要的爱别装乖 大声说出来⏎既然苦尽甘来 就应该气派⏎有爱 快用力爱 越闪亮 越爱⏎谁觉得刺眼 是因为崇拜⏎闪着光的男孩 带着我一起拽⏎闪一点 亮一点 HIGH一点⏎闪闪惹人爱 闪闪惹人爱⏎闪闪惹人爱 闪闪惹人爱⏎算不上光害 闪闪惹人爱⏎闪闪惹人爱 闪闪惹人爱⏎谁在街上 温柔为我补妆⏎兄弟聚会 带着我出场⏎会在人前吻我 永远都牵手⏎大声说是我男朋友⏎闪着光的男孩 我想被人崇拜⏎有爱 快用力爱 越闪亮 越爱⏎谁觉得刺眼 是因为崇拜⏎闪着光的男孩 带着我一起拽⏎闪一点 亮一点 HIGH一点⏎闪闪惹人爱 闪闪惹人爱⏎闪闪惹人爱 闪闪惹人爱⏎闪闪惹人爱 闪闪惹人爱⏎闪闪惹人爱 闪闪惹人爱⏎闪闪惹人爱","语料库",""
"李清照","","汪苏泷","烟锁着秦楼⏎细雨把酒黄昏后⏎海棠花是否依旧⏎应是那绿肥红瘦⏎独自泛轻舟⏎雨疏风骤添新愁⏎浓睡不消那残酒⏎有多少事欲说还休⏎锦书已经不在大雁却仍依旧⏎我饮尽杯中昨夜的温柔⏎这才下眉头⏎却又上心头⏎谁念我终日凝眸⏎帘卷着西风⏎谁比黄花瘦⏎风吹梦醒后⏎不见红酥手⏎桌边谁的玉簪头⏎寻寻觅觅中⏎你在哪等候⏎相思惹闲愁⏎日上帘钩懒梳头⏎不是悲秋新来瘦⏎花自漂游水自流⏎跨越千年后⏎平仄间眼泪游走⏎韵脚中我空等候⏎声声慢心事谁知否⏎锦书已经不在大雁却仍依旧⏎我饮尽杯中昨夜的温柔⏎这才下眉头⏎却又上心头⏎谁念我终日凝眸⏎帘卷着西风⏎惊醒旧梦⏎谁比黄花瘦⏎风吹梦醒后⏎不见红酥手⏎桌边谁的玉簪头⏎寻寻觅觅中⏎似梦非梦⏎你在哪等候⏎这才下眉头⏎却又上心头⏎谁念我终日凝眸⏎帘卷着西风⏎惊醒旧梦⏎谁比黄花瘦⏎风吹梦醒后⏎不见红酥手⏎桌边谁的玉簪头⏎寻寻觅觅中⏎似梦非梦⏎你在哪等候","语料库",""
"如果你还不明白","","汪苏泷","最近身边的朋友都叫我饶舌⏎可舌该怎么绕 是否先会说check it out⏎我只好跟这个调 你听了请不要笑⏎没有尝试怎么又个会有人生来就会饶⏎接下来 预想到会有人再乱叫⏎说什么不懂不会就请你出门到街角⏎可是我会微笑 别觉得我骄傲⏎我只是不想把自己定格在那么渺小⏎如果你踮起脚 忘不了 你的过往⏎要怎么去面对 下一位 你再体会⏎这机会没那么对 就不用再去回味⏎就算脑袋最特别的味蕾也还是不对⏎听说你最近说了说了三次别人虚伪⏎我也知道这世界总是不会那么明媚⏎可至少你还没有成为被利用的傀儡⏎就请你坚持自己啊⏎如果你还是不明白⏎我也不会再忍耐⏎现实错乱的年代⏎谁分不清黑白⏎强势的情绪在澎湃⏎还有什么好期待⏎上演剧本的精彩⏎主角成了山寨⏎猜不透 猜不透为什么⏎是不是 生活的太寂寞⏎还是你 不懂不问 假装沉默⏎看我 偷偷的看看我⏎你还有 什么话好说⏎是不是 模仿太洒脱 太诱惑⏎说回来 有些事真的也让我很无奈⏎为什么有些人的想法那么的奇怪⏎是不是silence的名字让你觉得很澎湃⏎所以你违背自己 靠冒充着我而存在⏎偷偷偷的 看着你⏎骰骰骰筛 的结局⏎偷偷偷的 耍端倪⏎便宜了你⏎如果你还是不明白⏎我也不会再忍耐⏎现实错乱的年代⏎谁分不清黑白⏎强势的情绪在澎湃⏎还有什么好期待⏎上演剧本的精彩⏎主角成了山寨⏎谁看破虚构的寂寞⏎凛冽刺眼的轮廓⏎情绪微妙变化着⏎连表情都沉默⏎能不能不要再罗嗦⏎看看虚荣的落魄⏎世间本来就淡薄⏎还有什么好说⏎谁看破虚构的寂寞⏎凛冽刺眼的轮廓⏎情绪微妙变化着⏎连表情都沉默⏎能不能不要再罗嗦⏎看看虚荣的落魄⏎世间本来就淡薄⏎还有什么好说","语料库",""
"插秧对口歌","","朱晓琳","插秧对口唱⏎门前是一座座数不尽的高山⏎山前是一方方数不清的水田⏎嘿哟嘿哟我挑着青翠的秧苗⏎嘿哟嘿哟我紧跟在你的身边⏎走呀走呀⏎走呀走呀⏎我们一起走向明镜般的水田⏎插下去一把把数不清的稻秧⏎插下去一把把数不清的希望⏎我插完一排又一排⏎我插完一行又一行⏎插呀插呀⏎插呀插呀⏎只要我们勤劳就有收获⏎我们齐把丰收的歌儿欢唱歌儿欢唱⏎门前是一座座数不尽的高山⏎山前是一方方数不清的水田⏎嘿哟嘿哟我挑着青翠的秧苗⏎嘿哟嘿哟我紧跟在你的身边⏎走呀走呀⏎走呀走呀⏎我们一起走向明镜般的水田⏎插下去一把把数不清的稻秧⏎插下去一把把数不清的希望⏎我插完一排又一排⏎我插完一行又一行⏎插呀插呀⏎插呀插呀⏎只要我们勤劳就有收获⏎我们齐把丰收的歌儿欢唱歌儿欢唱⏎----End----","语料库",""
"花香鼓舞","","梦之旅","江南三月艳阳天哎哟⏎义师起兵申江畔哎哟⏎奸官土豪誓呀誓除尽 啊誓除尽⏎顺天行道威名传 威名传哎哟⏎哎哟哎哟 伊得儿呀得儿喂哟⏎顺天行道威名传 威名传哎哟⏎双手捧上酒一盏哎哟⏎献给英雄刘丽川哎哟⏎解救贫困为呀为百姓 啊为百姓⏎万民歌舞笑开颜 笑开颜哎哟⏎哎哟哎哟 伊得儿呀得儿喂哟⏎万民歌舞笑开颜 笑开颜哎哟⏎嘿嘿哟 伊得儿呀得儿喂哟⏎伊得儿呀得儿喂哟⏎哎嘿哟嘿哟 伊得儿呀得儿喂哟⏎伊得儿呀得儿喂哟","语料库",""
"插秧对口歌","","甄秀珍","插秧对口唱⏎（男）门前是一座座 数不尽的高山⏎（女）山前是一方方 数不清的水田⏎（男）嘿哟嘿哟 我挑着青翠的秧苗⏎（女）嘿哟嘿哟 我紧跟在你身边⏎（男）走呀走呀⏎（女）走呀走呀⏎（合）我们一起走向明镜般的水田⏎（男）插下去的一把把 数不清的稻秧⏎（女）插下去的一把把 数不清的希望⏎（男）我插完一排又一排⏎（女）我插完一行又一行⏎（男）插呀插呀⏎（女）插呀插呀⏎（合）只要我们勤劳 就有收获⏎我们齐把丰收的歌儿欢唱 歌儿欢唱⏎ＭＵＳＩＣ⏎（男）门前是一座座 数不尽的高山⏎（女）山前是一方方 数不清的水田⏎（男）嘿哟嘿哟 我挑着青翠的秧苗⏎（女）嘿哟嘿哟 我紧跟在你身边⏎（男）走呀走呀⏎（女）走呀走呀⏎（合）我们一起走向明镜般的水田⏎（男）插下去的一把把 数不清的稻秧⏎（女）插下去的一把把 数不清的希望⏎（男）我插完一排又一排⏎（女）我插完一行又一行⏎（男）插呀插呀⏎（女）插呀插呀⏎（合）只要我们勤劳 就有收获⏎我们齐把丰收的歌儿欢唱 歌儿欢唱⏎ＥＮＤ","语料库",""
"福尔摩沙","","约书亚乐团","yo I’m back again快去告诉你的friends⏎一起加入我们 u gon’ feel the burning TW flame⏎用我的绕舌 说出台湾的独特⏎让你感受身为台湾人的骄傲和特色⏎有着黄皮肤还有一个tattoo⏎当我饶舌 黑人都说我超级有态度⏎他们跟我学功夫 然后跟我学中文⏎因为他们心里也想像我做个台湾人⏎跟我逛夜市吃着小吃 从没想过chinese food这么好吃⏎台北台中 高雄到宜兰 花莲台东⏎就像跟着Janet趴趴走的哈台疯⏎上山下海  寻宝台湾⏎这小岛原来她是我们内心的骄傲⏎福尔摩莎台湾 福尔摩莎台湾 美食美景还有人情味  就在台湾⏎福尔摩莎 OH 福尔摩莎 谁能不留恋哪⏎就要被她融化⏎福尔摩莎 我真心的爱她⏎别小看她力量 一举要将你击垮⏎CNN说 亚洲具有影响力的人 这是国际认可的标志⏎他叫周杰伦⏎超级导演李安拍的卧虎藏龙  得到奥斯卡⏎他是我们台湾的英雄⏎我要继续告诉你 王永庆经营之神⏎白手起家不怕苦台湾的精神⏎就像卢彦勳 台湾网球的奇葩 一步一脚印⏎终于打进温锦赛前八⏎大同的电锅 台湾的奇蹟 如此的耐用⏎因为它是MIT⏎还有台湾最高的地标101⏎就像正在说着台湾要兴起⏎麻雀虽小五脏俱全 这是你的家你要饮水思源⏎让我们跟左右一起手牵手⏎让我们勇敢带着台湾一起往前走⏎在建国100年 所有青年 一起站起来爱她⏎就在今天⏎这是她的心声 这是她的人生⏎帮助ROC让这个梦想可以成真⏎我们拥有青春 我们拥有热忱⏎因为我们是敢爱的台湾人⏎为我们奉献 她宝贵的一生⏎一起大声说Formosa我的爱人⏎没有任何其他人 可以取代你⏎在我的心中 我无法停止爱你⏎福尔摩莎这个宝岛⏎她也需要你投入你的全心 给她一个新生命⏎现在需要爱的勇士⏎勇敢为福尔摩莎 写下全新的历史⏎不只是一时 不只是这一次⏎台湾需要新的黄花岗七十二烈士⏎她就要shine like stars上帝也眷顾着她⏎挥一挥她的魔法棒世界眼睛都要亮啦","语料库",""
"狗","","张惠妹","我提早回来想要给你惊喜⏎却看见她在你怀里⏎四个身体八只眼睛⏎不知道谁看谁的表情谁等谁的声音⏎正想要你叫她滚出去⏎我发起火来自己都担心⏎没想到她眨眨眼睛⏎丢一句这个没用东西我不要了还你⏎那年说为了不寂寞为了有寄托⏎一起养条狗⏎现在它拴在门窗后隔着一条缝⏎看着新朋友⏎动物星球有没有看懂⏎小狗是人类最好的朋友⏎它扑向我钻我脑后⏎是要我闻到那个女人香味多么妖魔⏎那年说为了不寂寞为了有寄托⏎一起养条狗⏎现在它默默看决斗你死我活后⏎它该跟谁走⏎现在的对峙实在够幽默⏎各自的呼吸听来像脱拍的饶舌⏎你瞠目结舌我懒得多说⏎只能把眼睛盯在它晃动的舌头⏎那年说为了不寂寞为了有寄托⏎一起养条狗⏎现在它拴在门窗后隔着一条缝⏎看你交朋友⏎那年说为了不寂寞为了有寄托⏎一起养条狗⏎现在它默默看决斗你死我活后⏎它该跟谁走","语料库",""
"sunflower","","许冠杰","可能 因为胆小吧 总是那样⏎经常在影子里⏎藏起来看不见⏎我总是在你后面的一步远⏎即使嘟噜噜⏎眼泪流下来⏎你只是看着天空⏎我是云彩么⏎向着你 我只原地踏步⏎自己笑我又在哭泣着这样的我⏎在树荫下伤心的向日葵⏎是的 我就想念这你一个人⏎在看着别的地方呢⏎为什么是那个女人⏎简单的爱情故事对我太难了⏎因为只是自己的想象⏎沙拉拉 沉醉在甜睡里⏎闭上眼睛你就在我的身边⏎向着你 我只原地踏步⏎什么都不是也不是你的谁  但是⏎我的祈祷 变成回音⏎就等待着 传播出去的那一刻⏎只是一天也好⏎要是能让不是我的那女人⏎变成我 那样的话 我⏎即使放弃我的全部⏎如果能那样的话⏎向着你 我只原地踏步⏎自己笑 我又在哭泣这 这样的⏎在树荫下伤心的向日葵⏎是的 我就想念这你一个人⏎向着你 原地踏步⏎这个程度  我⏎不是我么 为什么那样⏎为自言自语 又只能流着泪","语料库",""
"自由飞翔","","小月","是谁在唱歌温暖了寂寞⏎白云悠悠蓝天依旧泪水在漂泊⏎在那一片苍茫中一个人生活⏎看见远方天国那璀璨的烟火⏎Yo Yo  这 这感觉就像⏎一路的芳香还有婆娑轻波⏎转了念的想那些是非因果⏎一路的芳香让我不停捉摸⏎是谁听着歌遗忘了寂寞⏎漫漫长夜一路芬芳岁月曾流过⏎在那人潮人海中你也在沉默⏎和我一起漂泊到天涯的交错⏎在你的心上自由地飞翔⏎灿烂的星光永恒地徜徉⏎一路的方向照耀我心上⏎辽远的边疆随我去远方⏎是谁在唱歌温暖了寂寞⏎白云悠悠蓝天依旧泪水在漂泊⏎在那一片苍茫中一个人生活⏎看见远方天国那璀璨的烟火⏎在你的心上自由地飞翔⏎灿烂的星光永恒地徜徉⏎一路的方向照耀我心上⏎辽远的边疆随我去远方⏎Don`t Come back⏎这是我远行的感受⏎不应该  让我继续这种伤痛⏎别复盖  我会坚持往下行走⏎原始界的风  伴随我们的行踪⏎脚步重  变得重  变得失去自我⏎迷恋风景我会尽情大去放松⏎轻风伴我相送  岁月如此沉重⏎早已热泪感动被你一水消融⏎在你的心上自由地飞翔⏎灿烂的星光永恒地徜徉⏎一路的方向照耀我心上⏎辽远的边疆随我去远方⏎*****END*****","语料库",""
"刀山火海（mc子龙）","","小旭音乐","刀 怒斩雪翼雕⏎山 豪迈冲云霄⏎长 坂坡在燃烧⏎我 直播砍曹操⏎龙潭虎穴任我闯⏎千军万马正面刚⏎白马银枪占当阳⏎（这个）赤胆忠心护家邦⏎败宴明 斩高览⏎杀夏侯 夺神剑⏎血染战袍谁敢拦⏎掩心镜中少主眠⏎枪刺剑砍血涌泉⏎斩杀名将五十员⏎单骑救主敌胆寒⏎常山赵云威名传⏎跟随皇叔去征战⏎只为平得天下乱⏎争先锋 战荆南⏎施巧计 赚赵范⏎四处转戈未停歇⏎美酒佳人目不斜⏎不为红颜忘大业⏎何患无妻真豪杰⏎古来名将何其多⏎数番护主有几个⏎昔年小龙怀中裹⏎（可我）今日飞身跃舟舸⏎龙胆长枪手中握⏎船上吴兵尽胆破⏎纵使大江万顷波⏎难阻我把阿斗夺⏎多年戎马赴沙场⏎皇叔进位汉中王⏎云长赴命镇荆襄⏎翼德瓦口尽酌觞⏎孟起世代皆忠良⏎汉升百步能穿杨⏎子龙英勇世无双⏎受封蜀汉五虎将⏎一枪舞得梨花飞⏎汉水突破重重围⏎纵横驰骋敌风吹⏎常胜将军逞虎威⏎长坂威风犹未减⏎鬼哭神嚎天地颤⏎背水空营显勇敢⏎子龙一身都是胆⏎北伐中原愿竭忠⏎英雄豪气贯长虹⏎年过七旬建奇功⏎犹似当阳救主雄⏎攻拔天水识麒麟⏎护守箕谷怒龙吟⏎断后斩将胜千金⏎拒受封赏表丹心⏎两番救主功勋彰⏎一生无悔报先皇⏎乱世忠义皆敬仰⏎青史留名百世芳","语料库",""
